term,count
the,18003
i,16237
to,12600
a,12356
you,9901
and,9036
is,8472
that,8007
name,7905
it,7759
of,7121
this,6550
in,5824
for,5743
was,3972
my,3781
not,3693
but,3678
be,3581
on,3551
so,3502
just,3435
have,3361
are,3287
like,3276
with,3146
me,2866
they,2751
your,2695
he,2569
what,2562
if,2397
as,2170
at,2102
no,1976
it's,1973
all,1971
about,1948
do,1930
love,1915
i'm,1892
one,1851
get,1831
people,1770
we,1749
good,1730
would,1726
can,1704
how,1668
out,1619
up,1553
from,1490
an,1489
really,1461
don't,1449
think,1440
or,1440
know,1423
she,1401
when,1379
too,1358
more,1349
there,1343
her,1319
them,1283
thanks,1281
him,1274
now,1271
his,1257
will,1250
lol,1216
time,1209
some,1158
has,1157
see,1145
that's,1142
because,1077
thank,1068
who,1063
much,1018
why,1003
still,987
i’m,987
had,986
even,979
well,978
their,942
only,942
go,934
got,933
been,922
oh,918
right,917
did,903
here,896
by,896
than,878
then,850
way,848
being,839
yeah,833
it’s,826
never,811
you're,811
very,804
want,804
make,786
great,785
hope,783
bad,775
man,765
sorry,759
should,757
feel,721
back,721
going,720
thing,710
better,709
were,709
also,690
could,674
same,669
don’t,659
actually,656
say,651
sure,637
any,634
someone,633
those,630
game,630
pretty,626
other,625
need,617
something,612
am,609
though,605
best,603
that’s,580
day,576
look,570
happy,570
thought,564
off,563
first,562
guy,560
can't,552
always,552
its,552
didn't,550
after,550
yes,542
over,538
looks,535
us,534
these,534
year,531
makes,527
i've,523
mean,509
take,508
work,506
years,503
into,495
our,494
most,494
made,492
does,488
wow,485
said,485
new,477
post,474
before,471
maybe,466
life,463
glad,463
where,461
probably,459
down,457
he's,454
things,449
nice,445
ever,438
last,437
getting,435
damn,433
2,433
old,429
fuck,427
find,424
doesn't,423
every,410
hate,409
many,407
dude,406
keep,403
doing,397
point,396
everyone,395
lot,395
you’re,394
wish,393
help,392
hard,391
anything,387
try,383
3,382
little,380
wrong,375
person,373
give,372
fun,372
long,368
haha,365
real,362
shit,355
cool,354
play,353
least,352
stop,352
use,346
tell,345
fucking,344
read,343
1,342
nothing,335
trying,335
i'd,334
guys,332
again,331
come,329
might,324
amazing,324
isn't,322
enough,321
seen,321
which,321
sounds,320
around,319
ok,319
believe,319
comment,319
sub,318
anyone,316
both,314
true,313
such,313
awesome,312
while,311
please,310
gonna,305
i'll,302
wait,296
they're,290
already,289
funny,289
another,288
big,288
two,286
kind,285
definitely,284
guess,283
next,282
show,281
sad,281
having,280
weird,279
since,278
money,277
let,276
yourself,276
friend,275
r,275
kids,274
seems,274
team,272
luck,272
else,269
put,268
part,268
remember,267
interesting,264
hear,264
didn’t,264
until,263
idea,263
understand,262
im,261
looking,261
problem,260
5,260
dont,259
stupid,255
watch,255
saying,253
live,253
through,253
agree,252
gets,251
world,248
place,244
used,243
job,243
video,243
hell,243
everything,243
season,242
without,242
far,241
done,241
end,241
can’t,241
few,239
literally,239
ago,238
call,237
friends,237
reason,236
own,235
care,234
lmao,232
he’s,232
u,232
happened,230
away,230
yet,230
must,230
left,229
exactly,227
bit,224
talking,223
making,223
i’ve,222
times,222
heard,218
there's,215
favorite,215
different,213
went,213
10,213
girl,213
reddit,212
saw,212
once,212
start,209
against,208
joke,207
either,206
women,206
imagine,206
kid,206
enjoy,206
honestly,204
whole,204
needs,203
home,202
high,202
stuff,201
op,200
may,199
she's,199
myself,198
second,197
less,194
s,194
almost,193
playing,193
face,192
hey,191
surprised,191
today,191
story,190
news,190
mind,188
talk,188
worse,184
absolutely,184
omg,183
poor,183
okay,183
stay,183
super,182
school,182
beautiful,182
worst,182
head,182
change,182
days,181
ah,180
free,179
terrible,179
fact,178
ask,177
came,176
games,176
4,174
lost,173
crazy,172
thinking,172
sense,172
wanted,171
family,170
coming,169
men,169
win,168
taking,167
found,166
doesn’t,166
feeling,164
happen,163
leave,162
wouldn't,160
we're,160
sometimes,159
cute,159
wonder,159
kinda,159
took,159
appreciate,158
hit,158
mom,157
loved,156
thats,156
wasn't,155
top,155
question,154
feels,154
fan,154
gotta,153
miss,152
sex,152
watching,150
seem,150
week,148
sucks,148
woman,146
able,146
won't,146
god,145
move,145
wants,145
night,144
word,144
matter,143
religion,141
support,141
check,141
instead,140
close,140
welcome,140
baby,140
comments,140
cause,139
car,139
deal,139
dog,138
told,138
i’d,138
they’re,138
pay,137
half,137
i’ll,137
edit,137
called,136
tho,136
says,136
run,135
means,135
6,135
totally,135
goes,134
laugh,133
movie,133
together,133
especially,133
between,133
worth,133
fine,132
completely,131
rather,131
full,131
using,131
seeing,130
eat,130
child,130
hot,129
seriously,129
kill,129
curious,129
ones,129
aren't,129
knew,129
bro,128
sweet,128
side,128
under,127
what's,127
words,127
awful,127
horrible,127
shot,126
buy,126
tried,125
realize,125
lose,125
dumb,124
happens,124
rest,124
0,124
d,124
food,123
each,123
case,123
isn’t,123
alone,122
soon,122
thread,122
players,121
picture,120
nah,120
forgot,120
quite,120
moment,119
anymore,119
boy,119
let's,118
single,118
works,118
meant,118
comes,117
hurt,117
easy,117
hopefully,117
state,117
open,116
fair,116
started,116
government,116
excited,115
played,115
opinion,115
reading,115
sound,114
ya,114
self,114
dead,113
couple,113
worry,113
finally,113
course,113
advice,113
parents,113
country,112
perfect,112
posted,112
heart,112
haven't,111
100,111
line,111
past,110
months,110
20,110
possible,109
chance,109
internet,109
future,109
usually,109
others,109
mine,108
issue,108
tbh,108
become,108
sharing,107
hours,107
you've,107
fake,107
die,107
obviously,107
article,107
break,107
wife,107
except,106
idk,106
looked,106
loves,106
experience,105
fight,105
pick,105
serious,105
missed,104
nobody,104
huge,104
house,104
working,104
age,104
answer,104
entire,104
disgusting,103
shame,103
congrats,103
phone,103
she’s,103
fans,102
link,102
anyway,102
situation,102
holy,101
dad,101
strong,101
ass,101
level,101
young,100
cat,99
unfortunately,98
hoping,98
racist,98
children,98
meme,98
posts,98
clearly,98
unless,97
giving,97
gave,97
bring,97
actual,96
death,96
cake,96
cant,96
low,96
minutes,95
hand,95
7,95
number,95
non,95
basically,95
water,95
hilarious,95
there’s,95
turn,95
30,94
history,94
body,94
late,93
often,93
living,93
felt,93
relationship,93
outside,92
takes,92
pain,92
player,92
forget,91
deserve,91
wanna,91
episode,91
brother,91
mother,91
type,91
knows,91
proud,91
yep,91
needed,90
whatever,90
normal,90
subreddit,90
beat,90
hair,89
learn,89
liked,89
gone,89
cold,89
human,88
8,88
account,88
song,88
crying,88
mad,88
idiot,87
character,87
eyes,87
likely,87
safe,87
cheers,86
response,86
gold,86
scared,86
similar,86
girls,86
white,85
bet,85
during,85
afraid,85
vote,85
control,85
sign,85
small,85
power,85
tonight,84
red,84
angry,84
expect,83
hahaha,83
loss,83
sick,83
confused,83
noticed,82
given,82
later,82
you'll,82
calling,82
reply,81
music,81
three,81
room,81
truly,81
correct,81
9,81
gun,81
date,81
ha,81
wasn’t,81
title,81
pass,80
shut,80
mate,80
month,80
shows,79
city,79
watched,79
themselves,79
posting,78
straight,78
asking,78
argument,78
ball,78
book,77
interested,77
cut,77
difference,77
waiting,77
system,77
ugh,77
youtube,76
group,76
ridiculous,76
anti,76
points,76
didnt,76
sort,75
fast,75
based,75
area,75
important,75
stand,75
huh,75
listen,74
wonderful,74
fire,74
ready,74
worried,74
killed,74
weeks,74
source,74
police,74
ugly,74
behind,74
died,73
wouldn’t,73
running,73
couldn't,73
sadly,73
yea,73
son,73
forward,73
we’re,73
front,73
explain,73
nope,73
likes,72
creepy,72
hands,71
gives,71
save,71
extremely,71
class,71
wondering,71
15,71
cringe,71
america,71
trust,70
lucky,70
buddy,70
doubt,70
crap,70
personally,70
wall,70
himself,69
apparently,69
brain,69
party,69
o,69
early,69
smile,69
share,69
upvote,69
imo,69
issues,69
birthday,69
league,69
trade,68
telling,68
drive,68
twitter,68
black,68
original,68
boys,67
longer,67
short,67
add,67
downvoted,67
hour,67
clear,67
losing,67
respect,67
vs,67
troll,66
alright,66
common,66
law,66
taken,66
eating,66
problems,66
exact,66
mostly,65
truth,65
attention,65
yup,65
changed,65
inside,65
due,65
hold,65
honest,65
social,65
insane,64
doctor,64
reminds,64
cry,64
asked,64
paid,64
lots,64
tv,63
business,63
older,63
gotten,63
term,63
choice,63
yesterday,63
middle,63
info,63
public,62
mental,62
college,62
drop,62
won’t,62
reality,62
forever,62
dare,62
fall,62
ex,62
considering,61
goal,61
hi,61
what’s,61
morning,61
won,61
bunch,61
suck,61
near,61
surprise,61
killing,61
store,61
username,61
act,61
dream,60
blame,60
scary,60
hug,60
bottom,60
shouldn't,60
videos,60
husband,60
congratulations,60
fantastic,60
thinks,60
space,59
hurts,59
piece,59
society,59
health,59
pizza,59
12,59
canada,59
haven’t,59
somehow,59
amount,59
speak,59
ended,59
spend,59
general,59
somewhere,59
sleep,58
media,58
drink,58
etc,58
assume,58
company,58
kept,58
helps,58
step,58
political,58
order,58
alive,57
plan,57
turned,57
trash,57
double,57
catch,57
laughed,57
figure,57
agreed,57
send,57
scene,57
service,57
fat,57
awkward,57
rich,56
simple,56
incredibly,56
pissed,56
thoughts,56
community,56
annoying,56
quick,56
set,56
toxic,56
cannot,56
main,56
throw,56
otherwise,56
legal,56
option,55
walk,55
genuinely,55
banned,55
couldn’t,55
aren’t,55
guns,55
teams,55
positive,55
round,55
disappointed,55
fellow,55
upset,55
you'd,55
starting,55
garbage,55
odd,55
simply,55
online,55
married,54
follow,54
road,54
example,54
anxiety,54
list,54
above,54
paying,54
bed,54
laughing,54
information,54
allowed,54
ice,54
special,54
dark,54
wear,54
president,54
removed,54
message,53
photo,53
google,53
murder,53
town,53
biggest,53
worked,53
zero,53
everybody,53
supposed,53
disagree,53
p,53
blood,53
stick,53
skin,53
wearing,52
lives,52
af,52
minute,52
fault,52
illegal,52
easily,52
clean,52
tomorrow,52
missing,52
realized,52
football,52
series,52
pic,51
evidence,51
mistake,51
fear,51
position,51
avoid,51
btw,51
t,51
enjoyed,51
eye,51
write,51
twice,51
fighting,51
2nd,51
characters,51
facts,51
bud,51
tough,51
grow,51
feelings,51
complete,51
lie,51
drunk,51
office,51
jealous,50
lady,50
effort,50
reference,50
boring,50
decent,50
met,50
dogs,50
fit,50
accurate,50
gross,50
excuse,50
mouth,50
mr,50
light,50
exist,50
claim,50
50,50
doesnt,50
random,50
report,50
hugs,50
learned,50
loving,50
bless,50
broken,49
drugs,49
focus,49
absolute,49
attractive,49
quality,49
science,49
leaving,49
conversation,49
happening,49
extra,49
sentence,49
keeps,49
they'll,49
putting,49
prefer,49
aware,49
lovely,49
pull,49
smh,49
none,48
notice,48
politics,48
price,48
blue,48
lack,48
trouble,48
sexual,48
yours,48
plus,48
expensive,48
regret,48
along,48
expecting,48
recently,48
within,48
tired,48
questions,48
view,47
defense,47
tip,47
rule,47
average,47
knowing,47
offer,47
dating,47
you’ve,47
porn,47
art,47
waste,47
reaction,47
father,47
however,47
star,47
version,47
abuse,47
ignorant,47
beer,47
attack,47
facebook,47
driving,47
barely,47
therapy,47
match,46
interest,46
brought,46
mentioned,46
2019,46
em,46
deep,46
hated,46
context,46
places,46
memes,46
ending,46
war,46
taste,46
11,46
pro,46
loud,46
difficult,46
third,46
25,46
strange,46
million,46
40,46
expected,46
sister,46
let’s,46
compared,46
per,45
easier,45
walking,45
spent,45
you’ll,45
mention,45
obvious,45
plenty,45
certain,45
draft,45
choose,45
known,45
hang,45
hearing,45
hasn't,45
multiple,45
born,45
cost,45
eh,45
cares,45
idiots,45
shocked,45
although,45
text,45
anyways,45
favourite,44
english,44
bought,44
sir,44
wtf,44
somebody,44
admit,44
downvote,44
available,44
uh,44
door,44
saved,44
karma,44
burn,44
rules,44
itself,44
cancer,44
sent,44
form,44
yo,44
tax,44
sell,44
certainly,44
stuck,44
personal,43
slightly,43
medical,43
depends,43
final,43
helpful,43
consider,43
sitting,43
dangerous,43
slow,43
helped,43
earth,43
16,43
e,43
ways,43
voice,43
related,43
busy,43
fix,43
rights,43
bigger,43
seconds,43
bullshit,43
indeed,43
career,43
lets,43
uncomfortable,43
cats,43
currently,43
balls,43
healthy,43
race,43
painful,42
cheap,42
highly,42
caught,42
stranger,42
logic,42
block,42
force,42
shoot,42
accept,42
finish,42
they've,42
breaking,42
stopped,42
jokes,42
ahead,42
turns,42
contract,42
girlfriend,42
broke,42
teacher,42
cops,42
n,42
classic,42
solid,42
spot,41
ad,41
silly,41
weight,41
considered,41
states,41
bar,41
soul,41
ground,41
bitch,41
content,41
uk,41
app,41
y'all,41
quit,41
faith,41
terrifying,41
touch,41
badly,41
weekend,41
till,41
bot,41
plays,41
adorable,41
sit,41
parent,41
weed,41
hes,40
embarrassing,40
moving,40
14,40
south,40
despite,40
steal,40
harder,40
moved,40
animals,40
action,40
humans,40
rape,40
rare,40
x,40
fucked,40
smart,40
across,40
cover,40
hero,40
tears,40
anywhere,40
numbers,40
18,39
earlier,39
lead,39
added,39
careful,39
land,39
marriage,39
books,39
hates,39
we'll,39
american,39
test,39
proof,39
incredible,39
ive,39
page,39
partner,39
value,39
record,39
contact,39
green,39
return,39
winning,39
happiness,39
calm,39
reasons,39
f,38
language,38
shitty,38
excellent,38
build,38
xd,38
legit,38
mess,38
finding,38
count,38
pure,38
hat,38
church,38
traffic,38
false,38
specific,38
decided,38
channel,38
keeping,38
higher,38
injury,38
coach,38
opinions,38
understanding,38
adult,38
update,38
card,38
market,38
boyfriend,38
ends,38
behavior,38
visit,37
shirt,37
decision,37
effect,37
research,37
smell,37
younger,37
deserves,37
showing,37
movies,37
rip,37
damage,37
opposite,37
listening,37
bowl,37
style,37
west,37
seemed,37
color,37
credit,37
sending,37
statement,37
train,37
checked,37
eventually,36
hello,36
holding,36
private,36
feet,36
warm,36
it'll,36
handle,36
jersey,36
meet,36
brilliant,36
court,36
summer,36
fell,36
dropped,36
b,36
complain,36
natural,36
throwing,36
treat,36
period,36
stories,36
we've,36
protect,36
daughter,36
screen,36
involved,36
snow,36
drug,36
wins,36
daily,36
nasty,36
la,36
playoffs,35
ignore,35
sexy,35
towards,35
trip,35
names,35
park,35
image,35
flair,35
coffee,35
speaking,35
ill,35
site,35
pictures,35
reasonable,35
pm,35
perfectly,35
learning,35
lived,35
kidding,35
shoes,35
caused,35
professional,35
negative,35
several,35
subs,34
written,34
prison,34
floor,34
netflix,34
000,34
north,34
constantly,34
local,34
brave,34
quickly,34
prove,34
countries,34
ain't,34
folks,34
queen,34
willing,34
laws,34
process,34
nearly,34
worries,34
terms,34
entirely,34
five,34
roll,34
lawyer,34
continue,34
jail,34
neither,34
join,34
mode,34
create,33
key,33
search,33
wholesome,33
lord,33
shooting,33
id,33
assuming,33
jobs,33
sake,33
lines,33
piss,33
starts,33
interview,33
created,33
pray,33
weren't,33
instagram,33
pretend,33
restaurant,33
peace,33
perspective,33
decide,33
risk,33
knowledge,33
air,33
penis,33
dear,33
adults,33
re,33
rock,33
besides,33
note,33
yikes,33
wont,33
regardless,33
depression,33
cars,33
culture,33
bear,33
dumbass,32
apologies,32
songs,32
writing,32
wild,32
animal,32
suddenly,32
regular,32
success,32
surely,32
1st,32
rid,32
release,32
crime,32
concerned,32
delete,32
bs,32
album,32
board,32
enjoying,32
generally,32
standard,32
box,32
calls,32
figured,32
taxes,32
freaking,32
beyond,32
dying,32
deleted,32
attempt,32
sports,32
evil,32
defend,32
popular,32
cuz,32
relevant,32
club,32
china,31
military,31
emotional,31
eu,31
offense,31
population,31
ur,31
paper,31
truck,31
possibly,31
hockey,31
wake,31
range,31
magic,31
shots,31
foot,31
legs,31
insurance,31
jerk,31
purpose,31
lies,31
arm,31
3rd,31
lying,31
l,31
grew,31
oil,31
moron,31
exists,31
female,31
complaining,31
who's,31
further,31
current,31
pre,31
winter,31
delicious,31
ideas,31
feed,31
property,31
accidentally,30
upvotes,30
isnt,30
background,30
glass,30
extreme,30
everywhere,30
fired,30
chicken,30
herself,30
apart,30
explanation,30
whenever,30
potential,30
buying,30
confidence,30
jump,30
gorgeous,30
ironic,30
voted,30
attitude,30
ruined,30
epic,30
total,30
large,30
rate,30
swear,30
discussion,30
carry,30
personality,30
cheating,30
4th,30
rough,30
greatest,30
asshole,30
trolling,30
energy,30
massive,30
anybody,29
lmfao,29
confirm,29
education,29
therapist,29
he'll,29
directly,29
orange,29
christmas,29
major,29
disappointing,29
cheese,29
according,29
pathetic,29
genius,29
four,29
technically,29
finished,29
qb,29
pregnant,29
challenge,29
recommend,29
pet,29
racism,29
russian,29
babies,29
19,29
chill,29
17,29
wing,29
switch,29
flying,29
voting,29
letting,29
hide,29
acting,29
gift,29
m,29
irony,29
nightmare,29
legend,29
innocent,29
suggest,29
alt,29
views,29
helping,29
offended,29
existed,29
wise,29
impressed,28
lately,28
meat,28
physical,28
dislike,28
rn,28
horror,28
heads,28
meaning,28
definition,28
matters,28
shock,28
speed,28
bastard,28
repost,28
gender,28
frustrating,28
secret,28
dr,28
ruin,28
2016,28
relate,28
butt,28
hospital,28
accident,28
ten,28
fail,28
falling,28
basketball,28
fixed,28
13,28
moments,28
shouldn’t,28
students,28
street,28
usa,28
here's,28
wrote,28
judge,28
afford,28
retarded,28
florida,28
signed,28
chicago,28
ability,28
push,28
fully,28
vegan,28
model,28
dirty,27
aw,27
mobile,27
90,27
quote,27
people's,27
teach,27
allow,27
24,27
golden,27
ignorance,27
impossible,27
60,27
yellow,27
proper,27
cup,27
concept,27
properly,27
band,27
forced,27
specifically,27
chat,27
makeup,27
passed,27
impressive,27
ride,27
seasons,27
shower,27
british,27
performance,27
brutal,27
website,27
parties,27
replace,27
guessing,27
dollars,27
lower,27
yay,27
claims,27
table,27
2018,27
whether,27
speech,27
satire,27
shes,27
wars,27
they'd,27
liberals,27
recent,27
pc,27
aww,26
mod,26
press,26
emotions,26
useful,26
options,26
bathroom,26
supporters,26
opportunity,26
tank,26
loser,26
cross,26
hitting,26
result,26
plot,26
would've,26
building,26
owner,26
arms,26
base,26
photos,26
concern,26
majority,26
lesson,26
bank,26
explaining,26
tool,26
episodes,26
skills,26
ahhh,26
failed,26
cash,26
pointing,26
hmm,26
male,26
showed,26
active,26
map,26
relationships,26
clue,26
mass,26
understood,26
freedom,26
physically,26
tend,26
ton,26
security,26
event,26
monster,26
guilty,26
heavy,26
theory,26
hire,26
federal,26
joking,26
valid,26
desperate,26
necessary,26
memory,26
rude,26
prime,26
responsible,26
apologize,26
bother,26
35,25
giant,25
study,25
king,25
youre,25
fairly,25
handsome,25
bill,25
referring,25
track,25
camera,25
results,25
hole,25
ashamed,25
overall,25
screw,25
conservative,25
moves,25
fresh,25
destroy,25
fantasy,25
advantage,25
nervous,25
steps,25
argue,25
fly,25
levels,25
fish,25
mixed,25
tree,25
selfish,25
ring,25
center,25
he'd,25
student,25
fuckin,25
beginning,25
downvotes,25
brings,25
lunch,25
foreign,25
becoming,25
covered,25
cream,25
def,25
til,25
size,25
drag,25
filled,25
error,25
remindme,25
humor,25
field,25
whoever,25
cruel,25
provide,25
below,25
hungry,25
program,25
21,25
goals,25
election,25
pop,25
drama,24
decisions,24
pants,24
boat,24
kicked,24
deserved,24
depressing,24
entertaining,24
impact,24
window,24
appreciated,24
stealing,24
remain,24
c,24
puts,24
spending,24
faces,24
breaks,24
bruh,24
closer,24
managed,24
trick,24
ladies,24
religious,24
tall,24
particular,24
lazy,24
texas,24
policy,24
changes,24
leg,24
joy,24
phones,24
dinner,24
votes,24
including,24
pack,24
flag,24
salt,24
named,24
respond,24
oof,24
anger,24
suppose,24
hits,24
apply,24
rent,24
degree,24
cakeday,24
injured,24
heck,23
australia,23
phrase,23
standing,23
tweet,23
bench,23
petty,23
bag,23
grown,23
toilet,23
delusional,23
previous,23
saving,23
responding,23
curiosity,23
insult,23
uncle,23
split,23
reach,23
became,23
pics,23
memories,23
sides,23
min,23
bus,23
weak,23
anxious,23
conspiracy,23
debate,23
nuts,23
net,23
scam,23
lonely,23
failure,23
abusive,23
would’ve,23
practice,23
pressure,23
poster,23
abortion,23
universe,23
ban,23
dance,23
modern,23
flat,23
wanting,23
meeting,23
user,23
nonsense,23
w,23
thrown,23
journey,23
chances,23
socialism,23
national,23
crowd,23
french,23
bc,23
bloody,23
dallas,23
drinking,23
comic,23
brown,23
staying,23
promise,23
changing,23
pushing,23
teeth,23
refuse,23
everytime,23
tiny,23
suit,23
email,23
sees,22
useless,22
film,22
fool,22
horse,22
data,22
suffering,22
destroyed,22
bizarre,22
role,22
dudes,22
instantly,22
workers,22
machine,22
individual,22
2020,22
unfortunate,22
asleep,22
circle,22
location,22
charge,22
upon,22
healthcare,22
turning,22
unique,22
basic,22
campaign,22
wondered,22
border,22
embarrassed,22
dress,22
commercial,22
income,22
praying,22
triggered,22
billion,22
tells,22
immediately,22
typical,22
hardly,22
danger,22
reminder,22
commenting,22
meal,22
drivers,22
nose,22
boss,22
unexpected,22
smoking,22
stupidity,22
kills,22
suggestion,22
pleasure,22
stars,22
dunno,22
capitalism,22
remove,22
gym,22
solution,22
links,22
describe,22
messed,22
sold,22
screaming,22
dm,22
mirror,22
battle,22
violent,22
milk,22
ship,22
familiar,22
poorly,22
surprising,22
employees,22
progress,22
remind,22
stream,22
horrifying,22
dreams,22
liberal,22
hasn’t,22
trolls,21
exciting,21
staff,21
material,21
bored,21
stops,21
ahh,21
bottle,21
whats,21
cast,21
sexist,21
apple,21
asap,21
seat,21
v,21
growing,21
incel,21
drawing,21
score,21
heat,21
ireland,21
university,21
raped,21
sauce,21
blind,21
normally,21
offensive,21
wasnt,21
nowhere,21
glorious,21
topic,21
wouldnt,21
surgery,21
comfortable,21
edgy,21
spirit,21
filming,21
kick,21
intense,21
perhaps,21
neck,21
boi,21
brand,21
gf,21
generation,21
annoyed,21
it’ll,21
incels,21
draw,21
rain,21
nfl,21
outta,21
russia,21
mid,21
talent,21
trump,21
anime,21
fingers,21
driver,21
sleeping,21
democracy,21
goodness,21
chose,21
hence,21
beauty,21
cheaper,21
supporting,21
killer,21
she'll,20
kiss,20
sensitive,20
target,20
aside,20
cop,20
depressed,20
k,20
gotcha,20
threw,20
wash,20
arguing,20
justice,20
ears,20
threads,20
disorder,20
nature,20
finds,20
sarcastic,20
usual,20
rage,20
gods,20
breath,20
pot,20
mods,20
ate,20
downtown,20
input,20
clothes,20
refs,20
include,20
crush,20
dc,20
lane,20
assault,20
birth,20
situations,20
500,20
relax,20
talented,20
implying,20
costs,20
uber,20
defensive,20
crack,20
planet,20
stomach,20
scream,20
arent,20
organization,20
recognize,20
clip,20
offseason,20
feeding,20
cities,20
benefit,20
divorce,20
upvoted,20
attacked,20
ooh,20
wedding,20
marry,20
affect,20
former,20
comedy,20
dry,20
daddy,20
gas,20
smoke,20
matches,20
gif,20
training,19
edge,19
significant,19
1000,19
ain’t,19
stands,19
stole,19
master,19
revenge,19
plastic,19
solo,19
mum,19
g,19
could've,19
united,19
bomb,19
bug,19
treated,19
underrated,19
unpopular,19
documentary,19
elected,19
button,19
bringing,19
entitled,19
raise,19
island,19
minimum,19
discord,19
anytime,19
prepared,19
frame,19
precious,19
goat,19
talked,19
survive,19
following,19
wine,19
hadn't,19
mix,19
communism,19
honesty,19
actions,19
sarcasm,19
friendly,19
insight,19
present,19
mark,19
grade,19
millions,19
heaven,19
realise,19
wishes,19
cried,19
insecure,19
prices,19
picked,19
owners,19
disturbing,19
criminal,19
luckily,19
fortnite,19
reminded,19
east,19
begin,19
patient,19
we’ve,19
pls,19
plate,19
caring,19
planning,19
brexit,19
whoa,19
who’s,19
alot,19
playoff,19
salty,19
goddamn,19
acts,19
shop,19
arrested,19
downvoting,19
project,19
sport,19
talks,19
linked,18
released,18
injuries,18
70,18
scum,18
standards,18
propaganda,18
limit,18
financial,18
woke,18
weather,18
meh,18
native,18
knife,18
minor,18
confirmed,18
corrected,18
iq,18
onto,18
badass,18
spam,18
consent,18
valuable,18
ourselves,18
gain,18
fruit,18
becomes,18
aggressive,18
someone's,18
six,18
2017,18
da,18
design,18
mins,18
held,18
civil,18
army,18
customers,18
appears,18
choices,18
illness,18
worrying,18
existence,18
trigger,18
liking,18
plans,18
fox,18
rise,18
um,18
bread,18
lights,18
bullet,18
separate,18
cult,18
ironically,18
cap,18
virgin,18
bitter,18
screenshot,18
sea,18
hatred,18
smaller,18
y’all,18
runs,18
99,18
warning,18
gm,18
honey,18
articles,18
doctors,18
violence,18
conservatives,18
stronger,18
pulling,18
teen,18
tea,18
gay,18
olds,18
corporate,18
silver,18
woah,18
freak,18
rookie,18
groups,18
march,18
horribly,18
tongue,18
believes,18
seats,18
row,18
guard,18
cutting,18
decades,18
thx,17
hunting,17
coaching,17
uses,17
patch,17
passing,17
panic,17
addiction,17
canadian,17
detroit,17
podcast,17
wishing,17
boots,17
everyday,17
weapon,17
opening,17
flex,17
necessarily,17
it'd,17
direct,17
beach,17
drives,17
attacks,17
dealing,17
hidden,17
ol,17
tag,17
stopping,17
soft,17
eyebrows,17
mask,17
faster,17
insulting,17
improve,17
belongs,17
bay,17
checks,17
identity,17
you’d,17
via,17
birds,17
cursed,17
grandma,17
plant,17
windows,17
22,17
stunning,17
serve,17
travel,17
combat,17
saturday,17
attracted,17
possibility,17
shutdown,17
pink,17
roster,17
bye,17
signs,17
explains,17
raised,17
gop,17
products,17
quiet,17
favor,17
edited,17
powerful,17
successful,17
somewhat,17
throws,17
chuckle,17
spelling,17
israel,17
hurting,17
mentally,17
sky,17
mediocre,17
heroes,17
bf,17
sources,17
justify,17
crimes,17
details,17
bait,17
aim,17
mistakes,17
metal,17
5th,17
proven,17
soooo,17
sucked,17
theres,17
realistic,17
douche,17
spell,17
ultimate,17
legally,17
slowly,17
clarification,17
that'd,17
budget,17
artist,17
provided,17
dang,17
healing,17
tf,17
factor,16
sacrifice,16
aunt,16
famous,16
fbi,16
emotionally,16
debt,16
creative,16
bitcoin,16
profile,16
theme,16
miserable,16
alcohol,16
germany,16
cheat,16
areas,16
wasting,16
twist,16
hype,16
burned,16
gg,16
stock,16
solve,16
wealth,16
member,16
remotely,16
skip,16
clapped,16
minds,16
sooo,16
autism,16
blows,16
holiday,16
lil,16
irrelevant,16
bite,16
quarter,16
nba,16
fetish,16
homeless,16
45,16
blow,16
neat,16
kinds,16
blocked,16
jeez,16
ads,16
sexually,16
loop,16
80,16
oops,16
answers,16
pats,16
roads,16
services,16
strangers,16
finger,16
scenes,16
rams,16
pretending,16
crisis,16
relief,16
whose,16
fascinating,16
toy,16
load,16
nail,16
mountain,16
awareness,16
victim,16
yelling,16
that'll,16
equal,16
picks,16
feminism,16
bastards,16
sun,16
harassment,16
independent,16
empathy,16
suffer,16
comparing,16
climate,16
counter,16
socialist,16
he’d,16
legitimate,16
vid,16
turkey,16
seek,16
effective,16
h,16
struggle,16
forcing,16
wind,16
union,16
lied,16
listened,16
nyc,16
winner,16
updated,16
unbelievable,16
humanity,16
amazon,16
highlights,16
convince,16
smash,16
tinder,16
bears,16
saints,16
corner,16
realizing,16
masculinity,16
ran,16
lock,16
discuss,16
analogy,16
stats,16
hardest,16
reported,16
progressive,16
meta,16
closed,16
expectations,16
toronto,15
copy,15
forgive,15
pointless,15
hmmm,15
accepted,15
labour,15
stone,15
sadness,15
hanging,15
spin,15
worker,15
disease,15
genuine,15
england,15
recovery,15
200,15
reminding,15
utah,15
stayed,15
atheist,15
honor,15
required,15
laid,15
condition,15
purple,15
killers,15
wage,15
intelligent,15
rush,15
irl,15
obsessed,15
strength,15
oc,15
minority,15
particularly,15
flip,15
opened,15
tier,15
strike,15
pair,15
competition,15
utterly,15
among,15
snake,15
oooh,15
loose,15
instant,15
included,15
wide,15
experienced,15
disaster,15
disappointment,15
cunt,15
democrats,15
rank,15
mac,15
tips,15
insults,15
increase,15
fill,15
profit,15
effects,15
companies,15
bell,15
confusion,15
nsfw,15
arguments,15
manager,15
century,15
station,15
ffs,15
cookies,15
celebrate,15
hopes,15
loses,15
owned,15
actively,15
tries,15
comeback,15
elsewhere,15
coast,15
defending,15
childhood,15
y,15
politicians,15
moral,15
leader,15
unit,15
egg,15
should've,15
they’ve,15
auto,15
handled,15
ftfy,15
percent,15
stretch,15
socially,15
accent,15
distance,15
pride,15
officer,15
guilt,15
tweets,15
pieces,15
official,15
adding,15
sooner,15
chinese,15
commit,15
dig,15
limited,15
chocolate,15
punch,15
bridge,15
nor,15
murdered,15
nurse,15
blessed,15
funding,15
hah,15
unironically,15
shocking,15
fancy,15
chest,15
people’s,15
havent,15
experiences,15
chief,15
rap,15
designed,15
skill,15
we’ll,14
logical,14
console,14
ontario,14
sorts,14
described,14
empty,14
favorites,14
smells,14
locked,14
juicy,14
desperately,14
whoops,14
coincidence,14
unnecessary,14
bible,14
confusing,14
appearance,14
consequences,14
amazed,14
alternative,14
vibe,14
bulls,14
foul,14
nailed,14
oddly,14
toddler,14
growth,14
shoulder,14
checking,14
donate,14
heal,14
apartment,14
lions,14
streets,14
supportive,14
correctly,14
beliefs,14
franchise,14
members,14
bothered,14
blaming,14
mindset,14
mama,14
patience,14
bias,14
obnoxious,14
ny,14
families,14
picking,14
happily,14
misleading,14
january,14
appear,14
nowadays,14
thousand,14
enemy,14
disney,14
funnier,14
western,14
thin,14
ticket,14
ignoring,14
combo,14
lakers,14
gaming,14
shooter,14
thick,14
starter,14
kitchen,14
vacation,14
marketing,14
pushed,14
agent,14
india,14
followed,14
democratic,14
rejected,14
baseball,14
cases,14
volume,14
causing,14
morons,14
replying,14
incorrect,14
scare,14
belt,14
judging,14
stress,14
pulled,14
un,14
empire,14
championship,14
de,14
embarrassment,14
st,14
manage,14
movement,14
leafs,14
inspired,14
parts,14
liar,14
address,14
here’s,14
differently,14
suspect,14
damnit,14
ripped,14
computer,14
decade,14
nights,14
bang,14
dollar,14
hating,14
escape,14
ruining,14
schools,14
status,14
therefore,14
customer,14
dropping,14
hotel,14
industry,14
candidate,14
relatable,14
logo,14
meds,14
27,14
tight,14
bike,14
rolling,14
awhile,14
blew,14
nazi,14
assumed,14
poop,14
exchange,14
core,14
abused,14
server,14
york,14
pets,14
outcome,14
legitimately,14
ye,14
she'd,14
types,14
falls,14
equally,14
heavily,14
ego,14
passive,14
coward,13
bump,13
latest,13
shared,13
whining,13
rarely,13
tournament,13
blast,13
pal,13
victory,13
handed,13
rant,13
walked,13
man's,13
genocide,13
stolen,13
taught,13
7th,13
competitive,13
replies,13
served,13
spanish,13
understandable,13
menu,13
ppl,13
worthless,13
glasses,13
treatment,13
charges,13
assholes,13
balance,13
europe,13
iirc,13
colors,13
300,13
prevent,13
31,13
pump,13
washington,13
pasta,13
ups,13
boston,13
mommy,13
raw,13
fyi,13
gosh,13
fam,13
path,13
cooking,13
acceptable,13
miracle,13
leads,13
fa,13
license,13
mexico,13
exception,13
vaccines,13
bird,13
species,13
inches,13
burger,13
hiding,13
consistently,13
supports,13
absurd,13
tone,13
generic,13
spreading,13
vague,13
convinced,13
beating,13
spread,13
dodged,13
aint,13
cutest,13
scenario,13
afterwards,13
repeat,13
delivery,13
maga,13
dems,13
vile,13
orders,13
bills,13
immature,13
scares,13
bi,13
friday,13
rounds,13
management,13
economic,13
minded,13
sweaty,13
moms,13
lad,13
pee,13
notes,13
various,13
messages,13
hahahaha,13
click,13
direction,13
trailer,13
central,13
exclusive,13
bubble,13
23,13
knee,13
bumper,13
thus,13
ear,13
rooting,13
recommendation,13
cancelled,13
shite,13
scotland,13
yeh,13
skins,13
schedule,13
wet,13
development,13
beta,13
threat,13
explained,13
compliment,13
thankfully,13
immigration,13
ours,13
optimistic,13
japan,13
sentences,13
naturally,13
blown,13
combined,13
sand,13
typically,13
equivalent,13
spoiled,13
subtle,13
charged,13
26,13
discrimination,13
affected,13
vibes,13
scored,13
swing,13
grab,13
burning,13
believing,13
bucks,13
juice,13
removing,13
aged,13
shape,13
measure,13
browns,13
pun,13
references,13
realised,13
sugar,13
hardcore,13
ig,13
waited,13
reverse,13
popcorn,13
praise,13
significantly,13
knees,13
subject,13
southern,12
referendum,12
rocket,12
filthy,12
clown,12
access,12
steam,12
protection,12
monday,12
transfer,12
ridiculously,12
sin,12
prayers,12
ouch,12
privilege,12
lick,12
appropriate,12
comrade,12
upper,12
device,12
feedback,12
washed,12
signing,12
wings,12
audio,12
everyone's,12
react,12
basket,12
setting,12
evening,12
safety,12
steelers,12
republican,12
hateful,12
depth,12
leaning,12
reads,12
co,12
lay,12
failing,12
pounds,12
statements,12
fishing,12
eggs,12
dancing,12
homes,12
examples,12
couples,12
mutual,12
disrespect,12
cartoon,12
cycle,12
panel,12
mentioning,12
semi,12
welp,12
paint,12
feminist,12
unlike,12
recall,12
dates,12
lips,12
nightmares,12
toast,12
romantic,12
mic,12
props,12
review,12
moderate,12
arizona,12
flames,12
remains,12
owe,12
envy,12
excuses,12
solved,12
narrative,12
amazingly,12
mah,12
thankful,12
reveal,12
frozen,12
crew,12
attacking,12
housing,12
calories,12
tape,12
beast,12
jerseys,12
retail,12
defeat,12
2012,12
clarify,12
where's,12
fits,12
comparison,12
international,12
tickets,12
bacon,12
butter,12
addition,12
armor,12
invisible,12
confident,12
blatant,12
condescending,12
timing,12
screams,12
leaves,12
proving,12
product,12
bout,12
spider,12
stated,12
leading,12
circumstances,12
stance,12
guaranteed,12
engage,12
wife's,12
believed,12
pool,12
puck,12
bots,12
subreddits,12
smug,12
translation,12
headline,12
meth,12
nerd,12
invite,12
sue,12
san,12
lifestyle,12
counts,12
dump,12
zone,12
homophobic,12
amendment,12
horny,12
ham,12
creating,12
responded,12
connection,12
slap,12
neighborhood,12
worthy,12
selling,12
aha,12
gen,12
hahah,12
cringey,12
assaulted,12
file,12
thru,12
fallen,12
hill,12
weren’t,12
gear,12
anarchist,12
syndrome,12
weapons,12
clueless,12
bros,12
stage,12
suggesting,12
backwards,12
arrow,12
elaborate,12
revolution,12
chick,12
plane,12
barrel,12
harm,12
satisfying,12
lame,12
visible,12
citizens,12
radio,12
laughs,12
actor,12
developed,12
breathing,12
farm,12
nhl,12
fella,12
deeply,12
officially,12
belly,12
advance,12
exposed,12
traded,12
theories,12
goodbye,12
neighbors,12
jets,12
misread,12
square,12
terrorists,12
ceiling,12
happier,12
studies,12
ordered,12
lake,12
unhappy,12
jumping,12
inappropriate,12
googled,12
voters,12
accounts,12
sec,12
squad,12
item,12
ap,12
clarifying,12
teachers,12
treats,12
fascism,12
elite,12
smooth,12
december,11
feature,11
detail,11
someday,11
causes,11
rice,11
stadium,11
hall,11
execution,11
holes,11
abandoned,11
flop,11
scratch,11
al,11
imagining,11
refusing,11
hook,11
enjoyable,11
condolences,11
pig,11
colour,11
bothers,11
crown,11
yah,11
backup,11
maintain,11
relatively,11
assumption,11
poverty,11
emergency,11
pp,11
minnesota,11
devastating,11
guarantee,11
delusion,11
catching,11
peoples,11
rates,11
kindness,11
occurred,11
chef,11
hobby,11
essentially,11
regularly,11
atm,11
hundreds,11
highest,11
burns,11
pr,11
host,11
intelligence,11
asian,11
policies,11
tons,11
identify,11
kitty,11
shift,11
accused,11
fed,11
answering,11
misunderstood,11
serial,11
emoji,11
hack,11
mafia,11
grammar,11
peak,11
chemistry,11
tagged,11
bull,11
corrupt,11
events,11
detailed,11
rifle,11
clock,11
crossing,11
regarding,11
forgotten,11
sword,11
encouraging,11
wikipedia,11
awe,11
fascist,11
bones,11
gang,11
november,11
streak,11
bigot,11
ohio,11
fried,11
hopeful,11
proves,11
fav,11
deeper,11
underestimate,11
environment,11
creep,11
rumors,11
holidays,11
preference,11
buff,11
legion,11
minecraft,11
compare,11
consideration,11
visited,11
code,11
cancel,11
weirdo,11
bully,11
continues,11
rational,11
figures,11
dramatic,11
communication,11
overrated,11
fights,11
rated,11
received,11
burgers,11
patriots,11
screwed,11
nuclear,11
xbox,11
noise,11
benefits,11
asks,11
lip,11
kissing,11
whatsoever,11
camp,11
turd,11
diet,11
impression,11
scoring,11
drafted,11
sized,11
frustrated,11
medicine,11
comfort,11
chip,11
hella,11
itt,11
shave,11
bb,11
fb,11
diagnosed,11
inevitable,11
tasty,11
stereotype,11
bone,11
behaviour,11
racists,11
breakfast,11
immigrants,11
max,11
mistaken,11
sentiment,11
struggling,11
amounts,11
fart,11
sunday,11
sale,11
italian,11
focused,11
supporter,11
handling,11
outfit,11
boobs,11
bipolar,11
mood,11
offered,11
korea,11
reporting,11
shown,11
mets,11
criticism,11
commitment,11
meanwhile,11
curse,11
painting,11
arrest,11
dies,11
condoms,11
unlucky,11
clothing,11
sore,11
cnn,11
department,11
jack,11
trap,11
receiving,11
cleared,11
ranked,11
existing,11
description,11
primary,11
snap,11
require,11
cousin,11
donald,11
moon,11
reasoning,11
alabama,11
entertainment,11
teaching,11
knicks,11
shake,11
beans,11
touched,11
fries,11
applied,11
doors,11
cringy,11
gladly,11
intolerant,11
reward,11
hats,11
legendary,11
convert,11
td,11
opens,11
items,11
desire,11
congress,11
millennials,11
houston,10
libertarian,10
nerve,10
potato,10
should’ve,10
republicans,10
hearts,10
colts,10
northern,10
deny,10
pills,10
flash,10
river,10
sunny,10
taco,10
transit,10
entered,10
retirement,10
trend,10
clicked,10
siblings,10
victims,10
request,10
leftists,10
occasionally,10
toward,10
controlled,10
beard,10
steel,10
informative,10
lifetime,10
objective,10
candidates,10
creatures,10
ab,10
tanks,10
convenient,10
controller,10
belief,10
punishment,10
midwest,10
unethical,10
initial,10
judges,10
bingo,10
exercise,10
michigan,10
chips,10
built,10
pleased,10
destruction,10
rumor,10
arsenal,10
saddest,10
nap,10
excitement,10
utter,10
award,10
destroying,10
vikings,10
seattle,10
translate,10
raping,10
zombie,10
investigation,10
requires,10
shipping,10
couch,10
territory,10
larger,10
youve,10
default,10
mission,10
pistons,10
pos,10
charity,10
cod,10
improved,10
worlds,10
socialists,10
opponent,10
drops,10
correcting,10
lineup,10
controlling,10
aoc,10
obsession,10
ghost,10
remembered,10
pillow,10
sometime,10
subscribed,10
unusual,10
mint,10
timeline,10
pocket,10
terribly,10
drinks,10
hm,10
tested,10
applaud,10
brothers,10
quoting,10
trophy,10
basement,10
combination,10
upsetting,10
texting,10
clever,10
unattractive,10
terrified,10
naked,10
correction,10
captain,10
imagined,10
preferred,10
bites,10
donuts,10
sight,10
frustration,10
bigotry,10
ty,10
bullying,10
spring,10
shall,10
choked,10
print,10
chase,10
fashion,10
greasy,10
subjective,10
harsh,10
dragon,10
thursday,10
acid,10
unicorn,10
differences,10
switched,10
opposition,10
hired,10
influence,10
wolves,10
root,10
socks,10
finishing,10
thousands,10
systems,10
pays,10
positions,10
vent,10
seeking,10
tattoo,10
ignored,10
breed,10
threats,10
admitting,10
letter,10
storm,10
reached,10
administration,10
interests,10
bags,10
gem,10
bright,10
vision,10
route,10
houses,10
begins,10
mp,10
electric,10
shitpost,10
odds,10
immoral,10
survived,10
monkeys,10
panties,10
films,10
cards,10
cared,10
vaccinate,10
bars,10
marvel,10
they’ll,10
grand,10
vagina,10
county,10
delight,10
collection,10
friendship,10
previously,10
neighbor,10
clearing,10
hers,10
cough,10
bucket,10
flowers,10
er,10
ohhh,10
symptoms,10
umm,10
mmmm,10
iowa,10
activities,10
nc,10
basis,10
attempts,10
tech,10
sydney,10
horrific,10
riding,10
00,10
ideology,10
hundred,10
trashy,10
messing,10
enjoys,10
commie,10
poly,10
searching,10
sigh,10
asia,10
he’ll,10
defender,10
knock,10
eaten,10
format,10
method,10
incident,10
yell,10
shitposting,10
sincerely,10
coverage,10
hunt,10
listed,10
gig,10
boom,10
responses,10
90s,10
crypto,10
skinny,10
wire,10
california,10
feminists,10
refer,10
nicer,10
discovered,10
aspect,10
eastern,10
actors,10
women's,10
communities,10
dope,10
biased,10
tbf,10
shout,10
popped,10
tribute,10
reviews,10
muscle,10
openly,10
resolution,10
shaming,10
sexuality,10
educated,10
division,10
library,10
sensible,10
airport,10
kindly,10
greater,10
penalty,10
label,10
vegas,10
sb,10
jam,10
critical,10
embrace,10
ps4,10
shits,10
evolution,10
pen,10
espn,10
hop,10
spoken,10
dated,10
ages,10
cure,10
chain,10
duck,10
fourth,10
platform,10
straw,10
unreasonable,10
visiting,10
artists,10
cook,9
screwing,9
broncos,9
dumped,9
coke,9
else's,9
applies,9
adore,9
section,9
nerf,9
responsibility,9
claiming,9
packers,9
gameplay,9
soap,9
owo,9
mavs,9
overwatch,9
slept,9
determined,9
era,9
worship,9
sink,9
could’ve,9
fascists,9
trees,9
bold,9
tragic,9
habit,9
comp,9
booze,9
parliament,9
korean,9
severe,9
radical,9
festival,9
ghosted,9
furry,9
attorney,9
theater,9
starving,9
95,9
defended,9
blade,9
chiefs,9
hypocrisy,9
celebrity,9
discussing,9
googling,9
committing,9
beings,9
unable,9
passion,9
plz,9
announced,9
author,9
commute,9
ref,9
correlation,9
bedroom,9
ik,9
ed,9
arc,9
fouls,9
marijuana,9
soo,9
conversations,9
expert,9
grinding,9
proved,9
yt,9
blowing,9
weirdly,9
equality,9
reject,9
habits,9
attraction,9
nails,9
representation,9
redditor,9
wallet,9
signals,9
twins,9
polite,9
dodgers,9
dialogue,9
dust,9
101,9
speculation,9
artifact,9
downhill,9
misunderstanding,9
superbowl,9
romance,9
caption,9
charming,9
teenagers,9
lego,9
boundaries,9
everyone’s,9
intj,9
bonus,9
stays,9
function,9
grandparents,9
tear,9
hyped,9
supply,9
succeed,9
decides,9
iphone,9
wages,9
souls,9
rainbow,9
pork,9
trading,9
pointed,9
cart,9
roles,9
nerves,9
belong,9
philly,9
fragile,9
hots,9
biology,9
fate,9
desktop,9
rural,9
venezuela,9
sites,9
traveling,9
funded,9
dash,9
damned,9
4chan,9
constant,9
letters,9
accepting,9
sets,9
junk,9
courts,9
constitution,9
rolls,9
infuriating,9
adopt,9
stroke,9
mouse,9
servers,9
sticking,9
nude,9
fees,9
complicated,9
surprisingly,9
intro,9
variety,9
mainstream,9
orlando,9
hun,9
dammit,9
receive,9
ww2,9
snack,9
bravo,9
chargers,9
valley,9
irrational,9
mail,9
statistics,9
passionate,9
clutch,9
offers,9
nets,9
faced,9
relieved,9
wasted,9
misogyny,9
ordinary,9
users,9
horrendous,9
attempted,9
africa,9
ot,9
landlord,9
committed,9
capitalist,9
typo,9
approach,9
addicted,9
authoritarian,9
guide,9
keys,9
naive,9
amen,9
vomit,9
rabbit,9
allows,9
refreshing,9
eats,9
crash,9
streaming,9
pit,9
nike,9
cheated,9
twitch,9
hip,9
incapable,9
inspiration,9
prior,9
mvp,9
factors,9
wave,9
sheep,9
fo,9
suits,9
reflect,9
jumped,9
opposed,9
400,9
warned,9
pat,9
informed,9
wingers,9
yr,9
atleast,9
beforehand,9
advocating,9
250,9
puppy,9
expand,9
paragraph,9
package,9
bin,9
grandmother,9
sales,9
denial,9
frequently,9
shine,9
doggo,9
threatening,9
survey,9
acknowledge,9
comforting,9
ca,9
clubs,9
bpd,9
sympathy,9
slavery,9
grave,9
claimed,9
syria,9
contributing,9
citizen,9
willfully,9
ribs,9
height,9
wore,9
underwear,9
one's,9
sunset,9
gullible,9
hulu,9
questionable,9
2009,9
natty,9
cam,9
japanese,9
ohhhhh,9
cowards,9
submit,9
shorts,9
depending,9
supposedly,9
seven,9
humble,9
typed,9
dedicated,9
mature,9
math,9
eagles,9
additional,9
yankees,9
fiction,9
redditors,9
ammo,9
38,9
mentality,9
toss,9
owning,9
pods,9
usage,9
unacceptable,9
miles,9
strongly,9
34,9
nation,9
includes,9
gta,9
joined,9
realization,9
emotion,9
raptors,9
bodies,9
controversial,9
delay,9
ruins,9
expression,9
concert,9
trucks,9
sloppy,9
wreck,9
guessed,9
jaw,9
flight,9
upside,9
flesh,9
greedy,9
essential,9
ultra,9
bow,9
task,9
bio,9
suggestions,9
bat,9
beats,9
ish,9
overly,9
closely,9
outrage,8
blonde,8
sack,8
ping,8
og,8
curb,8
enthusiasm,8
employee,8
10k,8
interaction,8
dumpster,8
wrap,8
locker,8
debating,8
cow,8
creates,8
qualified,8
desperation,8
intentionally,8
clone,8
script,8
gimme,8
director,8
shark,8
frankly,8
stunt,8
billions,8
recover,8
mls,8
temple,8
demanding,8
mrs,8
austin,8
largely,8
encourage,8
arse,8
conditions,8
noooo,8
bbc,8
tacos,8
plug,8
woods,8
dumbest,8
galaxy,8
hehe,8
communists,8
develop,8
register,8
engaged,8
practically,8
rely,8
insert,8
forum,8
harassing,8
oppression,8
irish,8
strategy,8
spouse,8
tl,8
cooked,8
recipe,8
hoped,8
advertising,8
invited,8
knocked,8
haircut,8
laying,8
dd,8
thoughtful,8
smashed,8
dna,8
superior,8
hadn’t,8
mall,8
freakin,8
gut,8
tastes,8
hideous,8
hypocrite,8
mates,8
knights,8
household,8
forehead,8
bummer,8
lightning,8
string,8
battles,8
gillette,8
capable,8
asexual,8
miami,8
efficient,8
coworker,8
region,8
comics,8
percentage,8
rat,8
heartbreaking,8
permanently,8
paris,8
riddance,8
continuing,8
teenager,8
accomplish,8
breathe,8
pup,8
boot,8
protest,8
opportunities,8
grandpa,8
devils,8
metro,8
inaccurate,8
projection,8
conclusion,8
lanes,8
sketchy,8
membership,8
listens,8
polls,8
29,8
doc,8
paranoid,8
muh,8
it’d,8
quotes,8
eachother,8
backing,8
automatically,8
robot,8
flavor,8
defensively,8
threaten,8
german,8
ahhhh,8
weigh,8
dlc,8
weirder,8
trips,8
religions,8
approve,8
sane,8
sober,8
insanely,8
spoilers,8
malicious,8
psycho,8
trapped,8
allergic,8
rapists,8
representative,8
frank,8
complaints,8
walmart,8
floating,8
resources,8
survivor,8
morty,8
shield,8
firing,8
providing,8
agenda,8
wisdom,8
cleaning,8
oblivion,8
limits,8
experts,8
dem,8
touching,8
intentional,8
contracts,8
produced,8
afternoon,8
heels,8
crop,8
trilogy,8
phoenix,8
rambling,8
spots,8
agency,8
isis,8
pipe,8
burst,8
np,8
pity,8
mainly,8
momma,8
effectively,8
replacement,8
sing,8
centre,8
admitted,8
scroll,8
highschool,8
wink,8
recognized,8
donation,8
cracked,8
heh,8
bee,8
amusing,8
az,8
esteem,8
rick,8
muscles,8
30s,8
girl's,8
pregnancy,8
spoil,8
soldiers,8
queens,8
dose,8
shaving,8
eternal,8
ace,8
roast,8
gentle,8
appeal,8
chin,8
secretly,8
projecting,8
boiled,8
beneficial,8
economy,8
kat,8
testing,8
angle,8
pi,8
headed,8
discussed,8
frightening,8
4k,8
custom,8
maps,8
brainwashed,8
improvement,8
digging,8
resource,8
languages,8
writer,8
ideal,8
razor,8
choke,8
leftist,8
typing,8
mercy,8
intimacy,8
grind,8
relatives,8
ruling,8
harmful,8
respects,8
crossed,8
lpt,8
measles,8
alien,8
cc,8
doordash,8
tanking,8
childish,8
express,8
programs,8
we’d,8
prank,8
savage,8
writers,8
sorted,8
sudden,8
vaccinated,8
geez,8
bugs,8
sequel,8
axe,8
weaker,8
unrelated,8
serving,8
wood,8
kicking,8
guitar,8
cage,8
theyre,8
poll,8
dozens,8
paranoia,8
imaginary,8
morality,8
meaningful,8
replaced,8
rewatch,8
ankle,8
hormones,8
remembering,8
preach,8
earn,8
worded,8
regrets,8
demand,8
drove,8
safer,8
glue,8
spark,8
homo,8
unlikely,8
meaningless,8
48,8
contain,8
loans,8
witch,8
solely,8
shade,8
warrant,8
posters,8
guy's,8
refused,8
replied,8
messy,8
pie,8
flashbacks,8
retired,8
betting,8
sharp,8
buzzfeed,8
sandwich,8
happiest,8
coal,8
vehicle,8
financially,8
breakup,8
sisters,8
tires,8
darn,8
earned,8
grasp,8
educate,8
headache,8
closing,8
homie,8
choosing,8
hail,8
autistic,8
monkey,8
sons,8
noob,8
ho,8
patients,8
motivated,8
arguably,8
outright,8
intended,8
spine,8
rating,8
harass,8
marked,8
scale,8
nonetheless,8
terminal,8
profits,8
consistent,8
prepare,8
ships,8
throughout,8
directed,8
powers,8
homework,8
vancouver,8
org,8
cousins,8
dealt,8
wisconsin,8
spamming,8
tail,8
spoiler,8
opponents,8
roommate,8
labor,8
mock,8
safely,8
parking,8
tripping,8
bound,8
craft,8
treason,8
elections,8
struggles,8
ops,8
highlight,8
dominance,8
virgins,8
spicy,8
receiver,8
stacked,8
blocking,8
threatened,7
2015,7
bombs,7
shortly,7
compete,7
bolt,7
treating,7
humour,7
ms,7
filth,7
concerning,7
awake,7
tracking,7
ar,7
where’s,7
define,7
brah,7
fps,7
pursue,7
murdering,7
uplifting,7
ofc,7
vanilla,7
tire,7
oilers,7
overpriced,7
partisan,7
potentially,7
hr,7
passes,7
hawks,7
sued,7
classes,7
lasted,7
deer,7
treasure,7
blamed,7
toe,7
ranch,7
placed,7
generations,7
2014,7
sticks,7
freezing,7
believable,7
introduce,7
punishing,7
carried,7
turtles,7
immediate,7
brush,7
smiling,7
corporations,7
granted,7
gatekeeping,7
supported,7
produce,7
tipped,7
plain,7
con,7
savings,7
forth,7
burden,7
shopping,7
chelsea,7
bore,7
stating,7
jealousy,7
tlj,7
bullied,7
deliberately,7
qualify,7
uncommon,7
happyfriendlybot,7
politician,7
kit,7
confirmation,7
41,7
adhd,7
vice,7
walls,7
inconsistent,7
hint,7
nurses,7
tolerance,7
speaks,7
ownership,7
interpretation,7
shining,7
lift,7
600,7
unhealthy,7
endless,7
twenty,7
scope,7
lib,7
shadow,7
lit,7
australian,7
fur,7
latter,7
senate,7
bama,7
arrived,7
pile,7
losses,7
wednesday,7
pill,7
connect,7
neglect,7
buzz,7
popping,7
disrespectful,7
cricket,7
peers,7
walks,7
transportation,7
welfare,7
reckless,7
france,7
closure,7
banks,7
banging,7
lean,7
chemicals,7
yard,7
rooms,7
sidebar,7
opposing,7
distant,7
unconditional,7
theft,7
armour,7
stable,7
fee,7
slam,7
flags,7
possession,7
knight,7
spoke,7
comprehend,7
kudos,7
6th,7
2010,7
illegally,7
fare,7
performing,7
astounding,7
gum,7
fitting,7
rescue,7
practicing,7
twin,7
subscribe,7
gloves,7
israeli,7
sooooo,7
manga,7
repeatedly,7
flow,7
incompetent,7
indian,7
yourselves,7
dynamic,7
laughter,7
pepper,7
professionals,7
amazes,7
rehab,7
brick,7
roof,7
communist,7
agreement,7
publicly,7
rep,7
compassion,7
speaker,7
journalist,7
secure,7
semitism,7
consistency,7
adventure,7
london,7
salad,7
april,7
updates,7
showering,7
disgust,7
devil,7
tsa,7
beef,7
counting,7
gee,7
na,7
repeating,7
costume,7
allowing,7
prospect,7
coaches,7
mild,7
followers,7
diarrhea,7
abusing,7
sample,7
rb,7
dish,7
ct,7
outraged,7
personalities,7
slang,7
qbs,7
sweetest,7
waking,7
predator,7
finest,7
pissing,7
periods,7
lab,7
tooth,7
fought,7
desk,7
furniture,7
reactions,7
prob,7
avoiding,7
hypothetical,7
mud,7
validation,7
spit,7
facial,7
stabbed,7
musical,7
inherently,7
noted,7
production,7
rolled,7
nephew,7
tools,7
gov,7
randomly,7
organs,7
scars,7
gamer,7
sits,7
recognizing,7
unfair,7
rack,7
repent,7
dat,7
parenting,7
bch,7
anarchy,7
audience,7
fools,7
touches,7
buildings,7
cigarettes,7
misery,7
behalf,7
retire,7
8th,7
implied,7
nicely,7
avatar,7
grass,7
concussion,7
motivation,7
fluid,7
pharma,7
unemployment,7
furries,7
encouragement,7
papa,7
february,7
hood,7
handy,7
clemson,7
misses,7
fiancé,7
breast,7
bands,7
divided,7
dependent,7
interviews,7
lookin,7
ultimately,7
shady,7
cocaine,7
champion,7
officials,7
jeans,7
stack,7
reduced,7
33,7
dumber,7
halfway,7
predictable,7
pops,7
reflection,7
referenced,7
reacting,7
practices,7
sibling,7
intellectual,7
portion,7
mini,7
experiencing,7
shorter,7
cell,7
soda,7
beautifully,7
grief,7
represent,7
restaurants,7
2003,7
hc,7
demonize,7
ʖ,7
reaching,7
perk,7
swallow,7
jk,7
reduce,7
stoked,7
dip,7
watches,7
yards,7
instinct,7
promote,7
pockets,7
quietly,7
yuck,7
jazz,7
trained,7
morals,7
commentary,7
torture,7
whataboutism,7
anarchism,7
bf1,7
balanced,7
visa,7
thai,7
jewelry,7
spare,7
spiritual,7
emblem,7
she’ll,7
funds,7
underage,7
eve,7
43,7
graphics,7
clap,7
aimed,7
payment,7
aswell,7
42,7
offering,7
rats,7
narc,7
masterpiece,7
citizenship,7
ohhhh,7
blanket,7
boil,7
triple,7
bp,7
carbon,7
ni,7
20k,7
they’d,7
icing,7
accurately,7
canon,7
doll,7
wa,7
punched,7
shill,7
couldnt,7
summary,7
morally,7
kingdom,7
corn,7
cynical,7
busted,7
whore,7
melts,7
challenging,7
keen,7
pages,7
wwe,7
itll,7
edition,7
tragedy,7
cameras,7
singing,7
horrid,7
shove,7
temperature,7
pedophile,7
terror,7
lottery,7
animation,7
android,7
loaded,7
voices,7
shoulders,7
devs,7
tampa,7
identifying,7
manipulative,7
kissed,7
baking,7
underground,7
ngl,7
person's,7
ikr,7
sexism,7
collect,7
furious,7
snowflake,7
woo,7
bullies,7
shootout,7
doomed,7
disappoint,7
foundation,7
values,7
resent,7
democrat,7
platforms,7
lore,7
alternatives,7
alpha,7
shy,7
successfully,7
liver,7
polish,7
neo,7
orientation,7
chronic,7
gawd,7
capital,7
smelling,7
glory,7
vr,7
relaxing,7
podcasts,7
salary,7
returned,7
involving,7
roasting,7
wut,7
paste,7
verse,7
resolved,7
distract,7
affairs,7
ancient,7
starbucks,7
repulsive,7
dude's,7
teammates,7
dentist,7
footage,7
cracking,7
dreaming,7
rose,7
length,7
sanity,7
damaging,7
folk,7
righteous,7
cries,7
pod,7
boner,7
ptsd,7
grace,7
silence,7
med,7
document,7
ayyy,7
flaming,7
doom,7
seahawks,7
dun,7
politically,7
wives,7
strangely,7
backed,7
capitalists,7
shaped,7
command,6
boxing,6
peach,6
motherfucker,6
stink,6
bland,6
launch,6
internal,6
exhausting,6
tracks,6
harassed,6
distress,6
delivered,6
statistic,6
disgrace,6
pole,6
incentive,6
convo,6
analysis,6
efforts,6
blunt,6
mmm,6
gamers,6
outrageous,6
closest,6
oxford,6
cave,6
zion,6
pleasantly,6
windshield,6
deciding,6
aired,6
applying,6
ma'am,6
vulnerable,6
oven,6
libs,6
diversity,6
digital,6
haired,6
spotify,6
trillion,6
nations,6
branch,6
chicks,6
smelly,6
cheeky,6
pan,6
bid,6
involve,6
smarter,6
centrists,6
hmmmmm,6
filter,6
investigate,6
continuous,6
pinch,6
angel,6
diseases,6
jacket,6
bleeding,6
cannon,6
punish,6
chosen,6
solves,6
explore,6
remake,6
prayer,6
literal,6
orgasm,6
royal,6
finale,6
optimism,6
elect,6
intolerance,6
revealed,6
ceases,6
universal,6
dsj,6
coolest,6
mortgage,6
noo,6
suburban,6
seal,6
tube,6
cycling,6
isolated,6
pale,6
appointment,6
chunk,6
spiders,6
tied,6
deals,6
norm,6
est,6
pound,6
ethnic,6
haters,6
entity,6
racial,6
crappy,6
daughters,6
cultural,6
cw,6
sociopath,6
myth,6
sa,6
biological,6
wicked,6
texts,6
72,6
expansion,6
guts,6
nicest,6
garden,6
italy,6
steals,6
2008,6
prick,6
oldest,6
cautious,6
thorough,6
withdrawals,6
ndp,6
stepped,6
flipped,6
troubles,6
aid,6
traitor,6
lbs,6
minorities,6
pumped,6
vehicles,6
skyrim,6
woooosh,6
quarters,6
semester,6
manila,6
minister,6
surrounded,6
employed,6
agrees,6
insightful,6
protein,6
goalie,6
scientists,6
baseless,6
bounce,6
rotation,6
32,6
ma,6
confirms,6
millennial,6
continued,6
yall,6
annoys,6
kings,6
serves,6
assists,6
eliminate,6
inner,6
toes,6
advanced,6
throat,6
communicate,6
ai,6
traditional,6
steer,6
atheists,6
justification,6
primaries,6
snacks,6
fighter,6
3d,6
rapist,6
refuses,6
sounded,6
seafood,6
mans,6
cells,6
fml,6
guardian,6
fridge,6
tumblr,6
network,6
scrolling,6
dxm,6
achieve,6
uploaded,6
snapchat,6
admire,6
stare,6
weekly,6
wherever,6
orthodox,6
seed,6
jan,6
dairy,6
marginal,6
2k,6
permanent,6
sonic,6
fanbase,6
1k,6
phd,6
pilot,6
scientist,6
dictator,6
criteria,6
midnight,6
models,6
bake,6
bits,6
technical,6
athletic,6
tuesday,6
adopted,6
irritating,6
accusation,6
introduced,6
healthier,6
scheme,6
heartbreak,6
amend,6
leaks,6
threes,6
resident,6
motion,6
dunk,6
chills,6
skewed,6
bottles,6
firm,6
clients,6
mlm,6
overcome,6
harry,6
potter,6
potatoes,6
promised,6
creator,6
pa,6
tissue,6
princess,6
mystery,6
physics,6
sis,6
sushi,6
extent,6
selection,6
philosophies,6
starters,6
pissy,6
promotion,6
multi,6
kfc,6
sjw,6
mario,6
publicity,6
dynamite,6
features,6
sticker,6
villain,6
carrying,6
volunteer,6
coworkers,6
existent,6
shockingly,6
darling,6
domestic,6
condom,6
rings,6
decline,6
dl,6
cb,6
policing,6
establishment,6
blog,6
originally,6
memorable,6
aliens,6
slide,6
holds,6
forgetting,6
naughty,6
cope,6
discovering,6
atheism,6
kittens,6
turkish,6
dominant,6
returning,6
sc,6
playthrough,6
tobacco,6
describing,6
vpn,6
jpg,6
gays,6
peta,6
governments,6
shops,6
heated,6
targets,6
overwhelming,6
expired,6
cows,6
laptop,6
experiment,6
dinosaur,6
bashing,6
dedication,6
scoop,6
intention,6
nine,6
sufficient,6
sayin,6
bases,6
lowkey,6
lyrics,6
agents,6
complex,6
criticize,6
withdrawal,6
electrical,6
exam,6
trans,6
c'mon,6
adds,6
elo,6
alarm,6
rebound,6
stan,6
rewind,6
oblivious,6
obese,6
enter,6
aye,6
cos,6
clouds,6
lap,6
origins,6
gifts,6
liverpool,6
brands,6
mil,6
authority,6
illegals,6
platinum,6
countless,6
voter,6
heading,6
blah,6
shaking,6
manner,6
80s,6
barriers,6
journalists,6
ebay,6
theirs,6
technology,6
tad,6
external,6
twelve,6
planned,6
boop,6
anal,6
cognitive,6
dissonance,6
bath,6
chart,6
hahahah,6
loot,6
nauseous,6
presidency,6
virginity,6
coat,6
constitutional,6
browsing,6
strip,6
slice,6
contacting,6
fallout,6
importance,6
j,6
momentum,6
cowboys,6
28,6
deaths,6
colonialism,6
candy,6
intp,6
caps,6
punching,6
shallow,6
payments,6
demons,6
39,6
ew,6
turnover,6
ole,6
pressing,6
newspaper,6
darkness,6
75,6
2000,6
directions,6
beg,6
recommended,6
borderline,6
spelled,6
pew,6
circlejerk,6
fame,6
phew,6
ep,6
sided,6
soggy,6
whilst,6
20s,6
cursive,6
consuming,6
prostitute,6
must've,6
shoots,6
perceived,6
snowflakes,6
survival,6
hairs,6
psychiatrist,6
oooo,6
dread,6
pace,6
mug,6
unhinged,6
onion,6
primarily,6
lacking,6
apps,6
presents,6
30k,6
alas,6
ahaha,6
upload,6
valve,6
describes,6
trendy,6
commercials,6
dreadful,6
chubby,6
pillows,6
spends,6
liberty,6
skull,6
regard,6
doubtful,6
grim,6
predict,6
she’d,6
subtitles,6
editing,6
web,6
subbed,6
inspiring,6
hammer,6
neckbeard,6
reposted,6
bois,6
industrial,6
disregard,6
untrue,6
colorado,6
affecting,6
scottish,6
someone’s,6
anniversary,6
stalking,6
mildly,6
fears,6
freaky,6
giants,6
temporarily,6
torn,6
dull,6
amirite,6
flirting,6
legends,6
fabricated,6
prostate,6
saudi,6
conversion,6
addressed,6
drafting,6
immortal,6
balloon,6
slurs,6
unsure,6
sf,6
attract,6
rubber,6
symbol,6
bbq,6
hog,6
centrist,6
writes,6
buried,6
wheel,6
chair,6
delightful,6
fallacy,6
censoring,6
represents,6
client,6
punk,6
rubbish,6
grateful,6
coin,6
ツ,6
rounder,6
hypocritical,6
denying,6
how's,6
slightest,6
sandwiches,6
cheeks,6
invest,6
classy,6
helmet,6
reliable,6
jab,6
drones,6
gap,6
steak,6
agreeing,6
ohh,6
dutch,6
cheaters,6
2005,6
tb,6
baked,6
greatly,6
inch,6
confession,6
disingenuous,6
veins,6
abroad,6
settle,6
blatantly,6
interact,6
senator,6
violating,6
expectation,6
construct,6
conscious,6
records,6
protected,6
apparent,6
guards,6
gag,6
hysterical,6
highway,6
setup,6
disgusted,6
lawn,6
padres,6
secular,6
nevermind,6
signal,6
prizes,6
we'd,6
wound,6
prey,6
niece,6
witty,6
tasted,6
satisfaction,6
objectively,6
individuals,6
application,6
woman's,6
gentlemen,6
raising,6
relative,6
whale,6
tide,6
presented,6
emails,6
ethnicity,6
motherfucking,6
woosh,6
reports,6
introvert,6
contradict,6
hollywood,6
oils,6
entertained,6
waist,6
ocean,6
alternate,6
kong,6
cowboy,6
broad,6
foods,6
shoulda,6
partners,6
hangs,6
manipulation,6
uneducated,6
braves,6
bleed,6
facing,6
implications,6
rapid,6
shitposts,6
competent,6
suns,6
crab,6
realizes,6
assert,6
subway,6
quirky,6
brigading,6
complaint,6
extended,6
legislation,6
indication,6
upgrade,6
recording,6
ordering,6
twat,6
increased,6
forums,6
toothpaste,6
cheer,6
silent,6
denver,6
institution,6
viewers,6
poison,6
weeb,6
buddies,6
laziness,6
multiplayer,6
peeps,6
world's,6
cis,6
jerking,6
dishes,5
stupidly,5
photoshop,5
wears,5
cape,5
detective,5
invested,5
posse,5
lacks,5
stressed,5
declare,5
shotgun,5
disco,5
casino,5
upfront,5
forwards,5
purposely,5
stitches,5
approaching,5
ambulance,5
nj,5
signature,5
inevitably,5
flew,5
updoots,5
cuddle,5
dayz,5
residents,5
tale,5
degrees,5
morbid,5
fever,5
actress,5
crossover,5
principle,5
mc,5
deleting,5
negativity,5
flower,5
selfie,5
lists,5
insecurities,5
sunk,5
witness,5
craving,5
owl,5
scenarios,5
scrub,5
contacts,5
cheered,5
butts,5
ama,5
juul,5
hooked,5
stores,5
ahem,5
alert,5
05,5
stud,5
tekken,5
rushed,5
hid,5
leather,5
economics,5
nationalism,5
guest,5
devoid,5
troops,5
flavors,5
imperialism,5
transition,5
vodka,5
highs,5
nut,5
mcdonald’s,5
indicate,5
symptom,5
simultaneously,5
funniest,5
suggests,5
yrs,5
leaking,5
qcx,5
pokemon,5
robots,5
abortions,5
prep,5
lighter,5
hometown,5
landed,5
refers,5
numb,5
bash,5
locks,5
ladder,5
rivals,5
versa,5
terminology,5
skyline,5
chili,5
recreational,5
cheering,5
unicorns,5
unite,5
coyotes,5
ray,5
raging,5
dodger,5
dirt,5
wounds,5
repeated,5
hurry,5
stew,5
manipulate,5
rides,5
presidents,5
websites,5
diamond,5
binge,5
brazil,5
abnormal,5
teleport,5
physique,5
pad,5
deliver,5
eager,5
47,5
ooooh,5
clapping,5
strawman,5
whiny,5
constructive,5
dragged,5
referencing,5
yoga,5
brows,5
exposure,5
eight,5
thirsty,5
stones,5
poking,5
indoctrinated,5
campus,5
lessons,5
hoarding,5
gray,5
bugged,5
ingredients,5
survivors,5
amd,5
grader,5
wack,5
rewatching,5
van,5
dragons,5
hobbies,5
perth,5
cultures,5
assets,5
darker,5
ditto,5
naming,5
heartless,5
covers,5
tattoos,5
minion,5
bachelor,5
favs,5
tradition,5
hospitals,5
cleveland,5
needing,5
crushing,5
keeper,5
disappear,5
contrary,5
reduction,5
ufc,5
refund,5
ult,5
accomplishment,5
nerfed,5
outlets,5
taxed,5
overweight,5
coins,5
frog,5
splits,5
contains,5
thankyou,5
styles,5
necessity,5
farther,5
guidance,5
queue,5
melbourne,5
iron,5
attend,5
performances,5
pros,5
managers,5
apocalypse,5
likeable,5
boo,5
pearl,5
children's,5
metallica,5
recorded,5
pirate,5
drool,5
oregon,5
reserved,5
automatic,5
visual,5
ninja,5
squirrel,5
fist,5
armed,5
friend's,5
merely,5
55,5
sweetie,5
hostile,5
q,5
friggin,5
uhhhh,5
sheets,5
narcissistic,5
nugget,5
greece,5
shithole,5
xp,5
avoided,5
altogether,5
traits,5
perform,5
sneaky,5
2d,5
palms,5
filler,5
polio,5
statistical,5
remainers,5
conveniently,5
hostage,5
peaceful,5
duty,5
assassin,5
dealer,5
titles,5
veganism,5
zones,5
acne,5
dislikes,5
19th,5
grey,5
psychologist,5
liars,5
trains,5
creeped,5
topics,5
cooler,5
1200,5
fiance,5
crushed,5
mcdonalds,5
epitome,5
exes,5
cruelty,5
yum,5
911,5
exploited,5
camps,5
poker,5
june,5
scumbag,5
mob,5
expects,5
historically,5
medium,5
installing,5
fade,5
seemingly,5
allegedly,5
exhibit,5
elderly,5
museum,5
ketchup,5
how’d,5
gtfo,5
ncaa,5
scorer,5
vanity,5
corruption,5
underweight,5
hornets,5
shrooms,5
blizzard,5
giggle,5
wishful,5
profiles,5
perception,5
generous,5
ripping,5
freely,5
luxury,5
tends,5
cereal,5
jar,5
magazine,5
libtard,5
beers,5
doubting,5
shred,5
casual,5
butterfly,5
nickname,5
mtv,5
indiana,5
enforced,5
wr,5
shutting,5
graduated,5
associated,5
scripted,5
phase,5
magnificent,5
timeless,5
lizard,5
admittedly,5
palestine,5
meals,5
tuition,5
tryna,5
grandmas,5
bribe,5
council,5
sneeze,5
brag,5
whip,5
approved,5
mlms,5
stepping,5
intrigued,5
sub's,5
tourney,5
temporary,5
iv,5
lease,5
ounce,5
stuffed,5
aggressively,5
motivate,5
sunshine,5
algorithm,5
pikachu,5
bees,5
tyranny,5
rejection,5
largest,5
forest,5
fooled,5
chairs,5
brooklyn,5
sustainable,5
slight,5
disheartening,5
orleans,5
avocado,5
sends,5
engineer,5
hassle,5
purely,5
libertarians,5
blindly,5
lawsuit,5
lvl,5
completed,5
pitcher,5
ez,5
infrastructure,5
trial,5
sins,5
gp,5
judged,5
vietnam,5
bamboozled,5
appalled,5
duel,5
pint,5
mysterious,5
owns,5
discover,5
fuel,5
warming,5
thicc,5
partly,5
champions,5
consult,5
leaf,5
soup,5
asses,5
duh,5
fields,5
secondary,5
registered,5
closet,5
farmers,5
shameless,5
promo,5
swap,5
legalize,5
longest,5
dj,5
port,5
annoy,5
columbus,5
towing,5
jumps,5
hilariously,5
practical,5
120,5
sweden,5
credible,5
mexican,5
targeting,5
parallel,5
judgement,5
terrific,5
lefty,5
clips,5
champ,5
cubs,5
extension,5
occasions,5
scotch,5
cuddling,5
pricks,5
wat,5
jv,5
blitz,5
fatal,5
unreal,5
destiny,5
mlk,5
scar,5
murderous,5
shouting,5
nazis,5
jelly,5
dodge,5
bricks,5
plat,5
whom,5
matching,5
sd,5
restrictions,5
toys,5
moronic,5
september,5
hows,5
distraction,5
relaxed,5
fort,5
rocks,5
soulless,5
answered,5
rockets,5
time's,5
european,5
vets,5
misuse,5
purse,5
arrive,5
lefties,5
dh,5
ranking,5
priest,5
edmonton,5
collusion,5
carefully,5
baby's,5
confirming,5
sharks,5
mountains,5
concrete,5
storyline,5
grounds,5
suckers,5
pupper,5
pedo,5
unlimited,5
douchebag,5
weirdest,5
mayo,5
rad,5
fork,5
battlefield,5
rumble,5
lovers,5
dunking,5
similarly,5
engine,5
gaining,5
manly,5
immigrant,5
durr,5
oklahoma,5
bond,5
kindergarten,5
accuses,5
ashes,5
spotted,5
announce,5
cali,5
sweater,5
bra,5
tickle,5
pleasant,5
pens,5
trinity,5
disabled,5
premise,5
noises,5
stressful,5
delta,5
mentions,5
salon,5
scariest,5
unrealistic,5
sum,5
shitting,5
object,5
10x,5
cruz,5
azul,5
tour,5
angels,5
compromise,5
yer,5
rust,5
nvm,5
bum,5
shouldnt,5
liability,5
dense,5
unnatural,5
probs,5
themed,5
routine,5
wig,5
isles,5
enforce,5
affection,5
babe,5
idiotic,5
leaked,5
implies,5
strongest,5
divorced,5
enabling,5
sleepy,5
georgia,5
gl,5
apology,5
youth,5
vegetables,5
weakness,5
contributed,5
greens,5
gb,5
bartender,5
dps,5
incest,5
loan,5
fifth,5
sneak,5
feasible,5
chasing,5
oppose,5
deck,5
distinguish,5
donut,5
forbid,5
metric,5
packs,5
gesture,5
2006,5
tipping,5
deadly,5
brew,5
wouldve,5
creeps,5
millionaires,5
propose,5
teammate,5
fetus,5
abhorrent,5
missions,5
spirits,5
audible,5
moderation,5
channels,5
backs,5
willingly,5
flavour,5
dev,5
100k,5
falcons,5
relations,5
congratulate,5
mi,5
mister,5
intimidating,5
exploding,5
catches,5
accuse,5
established,5
spurs,5
ss,5
collapse,5
poetry,5
diss,5
encountered,5
dishonest,5
chamber,5
masturbate,5
retain,5
2013,5
vast,5
stat,5
shiny,5
nra,5
mps,5
genre,5
m8,5
unsee,5
thief,5
fewer,5
tendencies,5
felony,5
sessions,5
spray,5
pitch,5
virginia,5
rangers,5
jerks,5
thot,5
goofy,5
drown,5
trivial,5
feeds,5
demon,5
indie,5
tuned,5
bathrooms,5
meets,5
heals,5
90’s,5
z,5
el,5
apples,5
cuck,5
cunts,5
pencil,5
grip,5
conference,5
ties,5
conservatism,5
aids,5
hiv,5
quad,5
150,5
liquor,5
worn,5
vicious,5
uninformed,5
ponder,5
aa,5
ow,5
bragging,5
cameo,5
mighty,5
suspicious,5
warriors,5
fashioned,5
accomplishments,5
that’ll,5
affects,5
dawg,5
yknow,5
loyal,5
ensure,5
arena,5
stupidest,5
bulk,5
controls,5
exhausted,5
syrup,5
loads,5
nominated,5
hustle,5
conclusions,5
psychology,5
hears,5
dipshit,5
sliding,5
tsm,5
maximum,5
pedophilia,5
bagel,5
understands,5
scientific,5
peep,5
hahahahaha,5
instincts,5
implement,5
tune,5
waves,5
dragging,5
3x,5
needles,5
began,5
ga,5
applicants,5
2011,5
distinction,5
cbd,5
confront,5
exit,5
observation,5
btc,5
chuck,5
staring,5
suggested,5
3am,5
activity,5
enforcement,5
nonexistent,5
grossed,5
capacity,5
misinformed,5
metaphor,5
fave,5
pastor,5
warn,5
immensely,5
barn,5
courage,5
tie,5
mechanics,5
recovering,5
skeptical,5
toxicity,5
saves,5
rim,5
studio,5
artificial,5
risks,5
pains,5
trail,5
announcers,5
commentator,5
casting,5
blunder,5
thanking,5
specified,5
magically,5
melee,5
reckon,5
icecream,5
hiking,5
betrayed,5
surrounding,5
faked,5
newborn,5
integrity,5
changer,5
crust,5
cracks,5
relapse,5
britain,5
sideways,5
brink,5
le,5
premier,5
apt,5
equipment,5
sucker,5
hive,5
swim,5
contest,5
mines,5
comprehension,5
vet,5
dangerously,5
copyright,5
sammy,5
hagar,5
kiddo,5
dank,5
overestimate,5
unbiased,5
protesting,5
pinky,5
dictatorship,5
booty,5
ottawa,5
fundamentally,5
flies,5
stunned,5
tap,5
stinks,5
initially,5
demonstrate,5
marxist,5
washing,5
suspected,5
deserving,5
aka,5
whew,5
behave,5
soccer,5
lining,5
resume,5
osu,5
medication,5
hipster,5
resistance,5
jackass,5
magical,5
prone,5
scamming,5
rocky,5
tower,5
headlines,5
prize,5
licking,5
celtic,5
debut,5
hut,5
wooosh,5
lb,5
cuddles,5
must’ve,5
slippery,5
prequels,5
hash,5
hahahahahaha,5
rental,5
sperm,5
sheltered,5
tonight's,5
winnipeg,5
summed,5
senses,5
reaper,5
factual,5
millionaire,5
ex's,5
ws,5
trope,5
beam,5
boiling,5
rationale,5
leadership,5
dmc,5
hubby,4
cable,4
zoo,4
bald,4
stubborn,4
bridges,4
dictate,4
doin,4
twilight,4
fortunately,4
joining,4
increases,4
normies,4
intensifies,4
dice,4
laughable,4
engineering,4
vaccine,4
fence,4
3k,4
flu,4
scumbags,4
oppressed,4
stamp,4
resisting,4
sony,4
portal,4
69,4
reproduce,4
listing,4
agencies,4
responds,4
inherent,4
brother's,4
widow,4
historical,4
boggling,4
betray,4
embracing,4
focusing,4
pancake,4
imagination,4
forms,4
mistaking,4
deja,4
dad's,4
swollen,4
diverse,4
cooks,4
contractors,4
organized,4
obtain,4
promoting,4
pickle,4
pigs,4
remarkable,4
fixing,4
seoul,4
concede,4
contempt,4
singapore,4
concur,4
wha,4
wee,4
males,4
erased,4
gangster,4
regulations,4
ted,4
knocking,4
rivalry,4
waitress,4
lemon,4
battery,4
burnt,4
assured,4
phrasing,4
dive,4
tops,4
savior,4
designers,4
antivaxxers,4
kicker,4
upvoting,4
blocks,4
severely,4
prospects,4
pricing,4
discovery,4
facetime,4
advocate,4
mosquito,4
thoroughly,4
wholeheartedly,4
fab,4
samsung,4
chanting,4
greetings,4
pattern,4
charts,4
cameraman,4
viewing,4
panicked,4
monitor,4
digestive,4
fled,4
mere,4
allergy,4
migrant,4
amaze,4
airpods,4
developers,4
majestic,4
slip,4
eternity,4
defenders,4
twisted,4
nursing,4
irrationally,4
panthers,4
dreaded,4
sweat,4
bust,4
hooray,4
heroin,4
irritated,4
tenure,4
mayhem,4
transactions,4
weekends,4
sync,4
sens,4
whereas,4
dishonesty,4
acute,4
10th,4
ml,4
cycles,4
th,4
tossed,4
fortune,4
finland,4
machines,4
reboot,4
trait,4
endearing,4
invent,4
2004,4
stalker,4
59,4
humility,4
respectable,4
bothering,4
gc,4
evolved,4
meditation,4
thesaurus,4
enormous,4
grocery,4
basics,4
grant,4
nfc,4
livin,4
70s,4
outdated,4
3000,4
respecting,4
explosion,4
aight,4
packed,4
personnel,4
bronze,4
centralized,4
nagging,4
zoomed,4
unaware,4
improving,4
john,4
lasts,4
legacy,4
poems,4
problematic,4
squat,4
witnessing,4
severity,4
hooker,4
definite,4
kinky,4
strikes,4
courageous,4
norms,4
cavs,4
garlic,4
receivers,4
interrupted,4
teenage,4
strain,4
siege,4
contribute,4
alligator,4
doubled,4
accents,4
chemical,4
barf,4
circles,4
disagreement,4
cloth,4
wipe,4
announcement,4
stinky,4
installed,4
mandatory,4
scammed,4
behold,4
skinned,4
propel,4
ecstatic,4
handful,4
subscribers,4
resort,4
persona,4
purchase,4
animated,4
nominate,4
boxes,4
testimony,4
unlocked,4
associate,4
neutral,4
profanity,4
shamed,4
wax,4
surprises,4
daydream,4
swiss,4
va,4
priests,4
36,4
tories,4
ac,4
maternal,4
soil,4
category,4
numerous,4
ccp,4
absence,4
shooters,4
papers,4
vested,4
diesel,4
odyssey,4
tackle,4
funk,4
disconnect,4
purposeful,4
vanished,4
freeze,4
slime,4
unwanted,4
crotch,4
zombies,4
productive,4
virtual,4
os,4
lurking,4
motto,4
ford,4
richest,4
palace,4
wolf,4
sidewalk,4
needle,4
upsets,4
moderators,4
tenant,4
mcdonald's,4
shuffle,4
outdoor,4
regarded,4
inadvertently,4
outlaw,4
kawhi,4
fathom,4
brazilian,4
emphasize,4
promises,4
turds,4
begging,4
ooo,4
stressing,4
bishop,4
binged,4
consenting,4
arch,4
wiki,4
edits,4
rugby,4
advisors,4
excessive,4
degenerate,4
stem,4
arts,4
bourbon,4
hysteria,4
har,4
sundae,4
painfully,4
seconded,4
castle,4
pedantic,4
leans,4
wrestling,4
ehhh,4
pancakes,4
updoot,4
realistically,4
rebuild,4
hesitant,4
ya'll,4
climb,4
cannabis,4
hike,4
normie,4
resting,4
pleasing,4
incoherent,4
operating,4
backfired,4
soooooo,4
bearing,4
fighters,4
mississippi,4
afc,4
identical,4
rethink,4
elevator,4
goblin,4
grain,4
disagrees,4
fury,4
tennis,4
ludicrous,4
expenses,4
shirts,4
questioning,4
mayor,4
innovative,4
hmmmm,4
shoe,4
template,4
statist,4
fond,4
ne,4
assumes,4
insanity,4
candle,4
commenter,4
mortified,4
childfree,4
ought,4
iran,4
convenience,4
virtue,4
signaling,4
gate,4
urges,4
humiliation,4
facility,4
nz,4
tiddy,4
mo,4
stfu,4
download,4
citation,4
discipline,4
submission,4
pornography,4
cinematic,4
narcissist,4
psychological,4
chaotic,4
cafe,4
summers,4
arrows,4
poke,4
pisses,4
weirdness,4
09,4
bean,4
snorting,4
realm,4
empowered,4
delayed,4
honored,4
bmi,4
bam,4
travesty,4
collected,4
extraordinary,4
connected,4
nicknames,4
linking,4
turtle,4
aaa,4
fandom,4
accusations,4
praises,4
tub,4
mocking,4
demo,4
leash,4
district,4
located,4
psychic,4
quicker,4
horses,4
girly,4
boob,4
outsiders,4
roses,4
loneliness,4
led,4
distracted,4
worldwide,4
bj,4
vpr,4
misstep,4
saga,4
unfamiliar,4
chrome,4
manhattan,4
merrily,4
fascinated,4
offence,4
uhh,4
800,4
44,4
1995,4
unanswered,4
teens,4
ditch,4
cosplay,4
eth,4
asf,4
fil,4
intermittent,4
fasting,4
chalk,4
jumper,4
adjusted,4
leap,4
dozen,4
ranks,4
jokingly,4
craziest,4
rightful,4
rabid,4
counselor,4
peed,4
picturing,4
convicted,4
thrive,4
structure,4
ironman,4
meantime,4
posing,4
cuteness,4
catholicism,4
aggression,4
compensation,4
notorious,4
rival,4
functional,4
essay,4
cgi,4
funeral,4
july,4
promising,4
enemies,4
ps,4
chains,4
branches,4
races,4
statue,4
august,4
stranded,4
tougher,4
trailers,4
rewards,4
joints,4
psyche,4
noun,4
beacon,4
mm,4
whores,4
performed,4
entitlement,4
peasant,4
conduct,4
revisit,4
assist,4
rants,4
smashing,4
90's,4
inspire,4
nutjob,4
icon,4
relic,4
naw,4
banana,4
carrot,4
grandson,4
cans,4
honorable,4
mania,4
dictionary,4
saint,4
immunity,4
consume,4
consumption,4
cat's,4
versus,4
pac,4
dominate,4
betrayal,4
strawberry,4
succeeded,4
imply,4
hotter,4
se,4
matrix,4
chaos,4
semitic,4
anyone's,4
skate,4
pulls,4
insensitive,4
republic,4
escalated,4
2002,4
licensed,4
banner,4
rework,4
pairing,4
slack,4
carrier,4
1996,4
lawyers,4
reposting,4
bats,4
76,4
contribution,4
spotlight,4
op's,4
laundry,4
holder,4
declares,4
nerdy,4
unlock,4
delighted,4
definetly,4
vids,4
arrangement,4
genitals,4
mofo,4
broccoli,4
cookie,4
nye,4
investment,4
censored,4
profoundly,4
bo4,4
outlet,4
birthdays,4
skeleton,4
cheek,4
cater,4
plague,4
munchak,4
colored,4
janitor,4
asylum,4
viability,4
coherent,4
surreal,4
slot,4
headshot,4
glow,4
tacky,4
ooof,4
mascot,4
priceless,4
essays,4
speculate,4
garage,4
gms,4
nicotine,4
presenting,4
layup,4
intent,4
ea,4
respected,4
presidential,4
cia,4
depend,4
struck,4
threesome,4
farts,4
recycling,4
prescription,4
massage,4
sucking,4
pretzel,4
fucken,4
beijing,4
confrontation,4
spinning,4
vegetarian,4
dvd,4
organizations,4
integrated,4
brutally,4
bummed,4
smallest,4
bullets,4
inform,4
sweeter,4
respectful,4
compelling,4
warmer,4
crippling,4
scrubs,4
losers,4
1999,4
warlord,4
beaten,4
prequel,4
hurr,4
alliance,4
froze,4
damning,4
sobbing,4
seriousness,4
suburbs,4
downside,4
overnight,4
formed,4
61,4
goose,4
enjoyment,4
gorilla,4
mustache,4
wrecks,4
starring,4
landing,4
slut,4
fedora,4
breakdown,4
irresponsible,4
assembly,4
novel,4
haircuts,4
exclusively,4
appealing,4
that’d,4
violated,4
appreciation,4
runner,4
alexa,4
log,4
tims,4
dried,4
ins,4
knocks,4
duties,4
activist,4
migration,4
ck,4
defeated,4
businesses,4
goth,4
operation,4
supreme,4
ruled,4
verge,4
ft,4
wrench,4
upcoming,4
sponsored,4
sting,4
bankrupt,4
idiocy,4
america’s,4
pairs,4
discourse,4
immune,4
holocaust,4
whiskey,4
tactics,4
wider,4
unfollowed,4
pretentious,4
reconciliation,4
father's,4
jones,4
retards,4
sheesh,4
baker,4
supremacists,4
towns,4
witnesses,4
champagne,4
sniff,4
remarkably,4
51,4
vaping,4
haunting,4
sheer,4
journal,4
deprecating,4
serenity,4
naivety,4
trustworthy,4
abort,4
balcony,4
gifs,4
faint,4
misinformation,4
crosspost,4
texture,4
popularity,4
centrism,4
mmo,4
powder,4
unbreakable,4
posed,4
bengals,4
negotiate,4
expose,4
dnc,4
layers,4
kidnapped,4
atlanta,4
beloved,4
slur,4
acknowledging,4
lackluster,4
doses,4
barring,4
lung,4
recycle,4
missouri,4
clubhouse,4
carries,4
sinister,4
intensity,4
kansas,4
transphobia,4
grandfather,4
mourning,4
nd,4
poisoning,4
echo,4
tom,4
processed,4
82,4
tory,4
placement,4
accidents,4
rewarded,4
esports,4
riot,4
rewarding,4
y'know,4
widely,4
noble,4
satirical,4
2am,4
elf,4
penny,4
studying,4
58,4
assumptions,4
edibles,4
bahaha,4
begone,4
350,4
commonly,4
intermission,4
obscure,4
s1,4
apartheid,4
ru,4
honour,4
follows,4
caliber,4
heartbroken,4
viewpoint,4
youtuber,4
pkk,4
donations,4
mutually,4
fireworks,4
lmaoooo,4
viewed,4
overlap,4
lion,4
dances,4
hips,4
sabres,4
prompt,4
playlist,4
lands,4
vocabulary,4
islanders,4
trauma,4
pronounce,4
quest,4
thirty,4
damaged,4
purposefully,4
anecdote,4
transphobic,4
okcupid,4
kisses,4
feminine,4
searched,4
cord,4
operate,4
junior,4
cuts,4
finals,4
brawl,4
limb,4
processes,4
thots,4
intellectually,4
lightly,4
stockholm,4
uwu,4
venting,4
halftime,4
insist,4
coffin,4
omfg,4
bundle,4
casually,4
intimate,4
cruise,4
aspie,4
lover,4
nipples,4
scores,4
sorta,4
tx,4
slower,4
backlash,4
ocd,4
ubi,4
tricked,4
boost,4
academy,4
edges,4
chickens,4
rooted,4
unsettling,4
choking,4
unfunny,4
arkansas,4
puns,4
punchline,4
glove,4
mg,4
cork,4
competing,4
meetings,4
boycott,4
81,4
89,4
stale,4
sacred,4
steamed,4
outstanding,4
oppressive,4
peppers,4
inequality,4
manually,4
throats,4
endgame,4
baller,4
corporation,4
unheard,4
genders,4
hawaiian,4
solidarity,4
diazepam,4
specialists,4
broadcast,4
graphic,4
spouting,4
proposing,4
wished,4
drew,4
adrenaline,4
shirtless,4
drank,4
workout,4
extend,4
comin,4
discard,4
tds,4
blurred,4
collapsing,4
streaks,4
disbelief,4
wizard,4
corners,4
titled,4
asshat,4
adjust,4
timed,4
penguins,4
protects,4
billionaires,4
inconvenient,4
mechanism,4
revolve,4
sorrow,4
illinois,4
triggering,4
exempt,4
alcoholic,4
cf,4
developing,4
fl,4
blasting,4
notification,4
socialize,4
banning,4
markets,4
vegans,4
lowest,4
wealthy,4
drastically,4
vomiting,4
jordan,4
suprised,4
rec,4
noped,4
plates,4
poo,4
dms,4
images,4
mdma,4
unclear,4
offend,4
believer,4
entry,4
panther,4
malice,4
cps,4
violation,4
tab,4
nyxl,4
meats,4
manners,4
banter,4
proportion,4
tm,4
oxygen,4
enslave,4
profitable,4
canes,4
bitching,4
swept,4
progressives,4
elses,4
olympics,4
drum,4
cotton,4
legalized,4
crashing,4
indigenous,4
specialist,4
rhetorical,4
overreacting,4
flipping,4
rub,4
labeled,4
ethical,4
visibility,4
glance,4
capture,4
homophobia,4
inconsiderate,4
que,4
versions,4
lousy,4
3s,4
thumb,4
troop,4
dodgy,4
syrian,4
rebel,4
diabetic,4
denomination,4
speedy,4
tweeted,4
factions,4
theaters,4
expense,4
01,4
consensus,4
sunglasses,4
soviet,4
passenger,4
fastest,4
psych,4
hyper,4
vaccination,4
dot,4
wrapped,4
lyft,4
maniac,4
originated,4
antisocial,4
outlook,4
tearing,4
swedish,4
srs,4
shocks,4
bleach,4
libido,4
ded,4
properties,4
fund,4
panicking,4
kicks,4
activists,4
presence,4
affair,4
raiders,4
husband's,4
blasphemy,4
village,4
flights,4
renting,4
crowded,4
fuk,4
mermaid,4
occur,4
segment,4
brigaded,4
continuously,4
objects,4
dessert,4
cheater,4
canucks,4
graduate,4
checkers,4
abilities,4
matchup,4
sour,4
picky,4
dicked,4
quitting,4
voluntarily,4
cancerous,4
sjws,4
mattress,4
protecting,4
hof,4
soundtrack,4
addressing,4
fcking,4
dota,4
mega,4
urban,4
dime,4
cramps,4
athlete,4
men's,4
calorie,4
hong,4
pedestrians,4
dlo,4
flame,4
facetious,4
despise,4
restrict,4
belligerent,4
twas,4
liberate,4
parody,4
greek,4
belfast,4
regulated,4
slave,4
rofl,4
vampire,4
inability,4
sheet,4
architecture,4
seizure,4
locals,4
determination,4
notion,4
ameen,4
remaining,4
tummy,4
gymnastics,4
banged,4
fathers,4
authoritarianism,4
ward,4
crashed,4
tribe,4
restraining,4
downed,4
spite,4
assistant,4
paypal,4
replay,4
apologist,4
niceguys,4
tp,4
wonders,4
ratio,4
concise,4
undeniably,4
massachusetts,4
stark,4
brainwashing,4
spewing,4
paints,4
crass,4
outs,4
1500,4
sacks,4
lifelong,4
hay,4
5000,4
wes,4
buck,4
aus,4
fold,4
illegitimate,4
shhhh,4
investments,4
apologised,4
chapter,4
cone,4
wardrobe,4
fails,4
accuracy,4
nashville,4
settled,4
rightfully,4
disdain,4
moose,4
hoo,4
sweatshirt,4
alaska,4
shameful,4
formal,4
screenshotted,4
october,4
kabhi,4
singer,4
prince,4
neutrality,4
pigeons,4
phenomenal,4
extremist,4
sassy,4
vaxxer,4
valued,4
pause,4
bliss,4
removal,4
9th,4
pvp,4
ahah,4
tables,4
mount,4
pk,4
trusting,4
exposing,4
hacks,4
needy,4
void,4
global,4
dressed,4
yesssss,4
golf,4
frenzy,4
gud,4
bayless,3
wankers,3
circa,3
lucrative,3
slowing,3
swings,3
underwater,3
creativity,3
db,3
jedi,3
foreigners,3
brass,3
bare,3
ethics,3
randoms,3
baffles,3
forgettable,3
discussions,3
discriminated,3
modes,3
admin,3
stomping,3
autonomy,3
vault,3
cattle,3
slaughtered,3
stamps,3
whisper,3
exploiting,3
dv,3
cus,3
playful,3
doggos,3
peaked,3
berlin,3
reconsider,3
concussions,3
brainwash,3
psychos,3
travels,3
masturbating,3
desert,3
ick,3
tis,3
fibre,3
yelled,3
sham,3
recruit,3
explode,3
oppress,3
rescued,3
62,3
tuck,3
belgian,3
hooking,3
veggies,3
bloke,3
wizards,3
burner,3
mediocrity,3
sickness,3
initials,3
stood,3
son's,3
opera,3
blessing,3
highkey,3
sadder,3
infected,3
lice,3
cucked,3
disrespected,3
hung,3
blindfolds,3
grades,3
gangs,3
obtuse,3
brussels,3
bison,3
executive,3
obsess,3
contenders,3
sacrifices,3
connoisseur,3
bunk,3
packet,3
shell,3
nt,3
dui,3
cents,3
ding,3
iso,3
fkn,3
hitter,3
basing,3
sitcom,3
approval,3
vaccinations,3
snp,3
endings,3
spiderman,3
tourist,3
destination,3
manchester,3
covington,3
santa,3
millenials,3
thyroid,3
succinct,3
gather,3
uniform,3
omelette,3
tortilla,3
gritty,3
tofu,3
bo,3
stains,3
declined,3
defence,3
disappoints,3
peer,3
doubts,3
violate,3
solar,3
employment,3
conflating,3
creme,3
hyperbolic,3
dan,3
ikea,3
dunked,3
addresses,3
empathetic,3
civilized,3
parental,3
md,3
maryland,3
tryin,3
vocal,3
whatnot,3
obligated,3
sos,3
lasagna,3
ritual,3
determines,3
effortless,3
blending,3
wavy,3
hospitalized,3
invaded,3
brained,3
firearms,3
improvements,3
latin,3
psychologically,3
shootings,3
asd,3
proclaimed,3
despises,3
rotations,3
porno,3
foresight,3
harvard,3
brains,3
goods,3
easiest,3
2001,3
invasive,3
bent,3
subjected,3
tfw,3
dmg,3
justified,3
screens,3
turnovers,3
phrased,3
undoubtedly,3
8pm,3
engagement,3
chainsaw,3
beside,3
oz,3
infinitely,3
sneezing,3
barber,3
relieving,3
loyalty,3
butthead,3
alts,3
favourites,3
goddess,3
tribes,3
gunna,3
hires,3
tutorial,3
nuance,3
asinine,3
canary,3
evergreen,3
57,3
bacteria,3
acronym,3
cheetos,3
interfere,3
roam,3
nooo,3
accessed,3
steaming,3
siri,3
blues,3
laurel,3
compatibility,3
bane,3
flooding,3
obesity,3
stability,3
photography,3
wildlife,3
pms,3
blinders,3
npc,3
factory,3
nts,3
veteran,3
amused,3
ghosting,3
switching,3
cheats,3
penetration,3
lamp,3
5k,3
psa,3
exaggeration,3
gaps,3
invalid,3
passages,3
fiat,3
tantrum,3
sincere,3
expelled,3
unpredictable,3
overthink,3
walnut,3
pilots,3
prevalent,3
plasma,3
gutted,3
sacked,3
daze,3
mouthy,3
masochist,3
finance,3
overcoming,3
fantasies,3
apostolic,3
hp,3
palm,3
dabs,3
predators,3
yawn,3
flashing,3
predicted,3
emailed,3
caller,3
albums,3
ramblings,3
badge,3
dismiss,3
pimple,3
traumatic,3
how'd,3
tlc,3
minions,3
hierarchy,3
zebra,3
mma,3
wii,3
parade,3
might’ve,3
dynasty,3
mortal,3
redundant,3
fash,3
smoked,3
meow,3
spice,3
imma,3
lump,3
hookup,3
breaker,3
formula,3
fog,3
tore,3
baron,3
matchups,3
admirable,3
pins,3
absent,3
poops,3
bunny,3
requests,3
timeout,3
manages,3
returns,3
genji,3
anarcho,3
juve,3
velvet,3
attendant,3
effin,3
nmom,3
madrid,3
loophole,3
compliance,3
fuuuuck,3
involves,3
tenants,3
65,3
reopen,3
allegations,3
substance,3
glucose,3
witcher,3
helperbot,3
assure,3
anticipated,3
departments,3
funhaus,3
ftw,3
pacific,3
alps,3
chants,3
champs,3
turkey's,3
drying,3
winds,3
intersection,3
woulda,3
continually,3
iconic,3
teddy,3
tryed,3
origin,3
boomers,3
lust,3
captured,3
lemme,3
assassins,3
creeper,3
accidental,3
precedent,3
ally,3
lobster,3
pouring,3
framed,3
bracelets,3
educating,3
outlier,3
barstool,3
superstar,3
tricky,3
buttons,3
flamed,3
crybabies,3
sled,3
belgium,3
obscene,3
advices,3
paywall,3
accepts,3
qualities,3
youngest,3
wield,3
blackhawks,3
limitations,3
backbone,3
dirk,3
relentless,3
lifespan,3
coup,3
crops,3
harvest,3
columbia,3
reversed,3
70’s,3
80’s,3
humorous,3
appeared,3
claw,3
docs,3
stimulating,3
rebuttal,3
apologizing,3
titans,3
coordination,3
minimal,3
smiles,3
tunnel,3
conflict,3
intervention,3
kettle,3
gained,3
imminent,3
antibiotics,3
infection,3
arbitrarily,3
strictly,3
simpsons,3
selfies,3
clash,3
relates,3
pewdiepie,3
travelling,3
arctic,3
exp,3
giggles,3
studied,3
managing,3
musicians,3
ridicule,3
profession,3
donkey,3
motorcycle,3
compliments,3
monogamous,3
noed,3
suing,3
nazism,3
howdy,3
hitler,3
reader,3
drawer,3
senators,3
flick,3
fry,3
fellowkids,3
weezer,3
spawn,3
hartford,3
crayons,3
reap,3
joys,3
yankee,3
foreplay,3
rhetoric,3
populism,3
starch,3
playboy,3
mansion,3
today's,3
prophet,3
decapitated,3
rodeo,3
deranged,3
conjure,3
slum,3
carb,3
6am,3
estate,3
questioned,3
announces,3
runescape,3
teaches,3
advisor,3
ira,3
exceptions,3
receipt,3
philosophy,3
3pt,3
bffs,3
videogames,3
provincial,3
nipple,3
gossip,3
masturbation,3
harms,3
likewise,3
females,3
tangent,3
mn,3
nbc,3
whips,3
portland,3
fax,3
perpetuate,3
lag,3
dignity,3
classmates,3
mill,3
backpedal,3
trek,3
soviets,3
insignificant,3
onions,3
authentic,3
hijab,3
praxis,3
authors,3
pesky,3
alcoholism,3
centers,3
chungus,3
sovereign,3
overeating,3
graves,3
residency,3
participants,3
pressuring,3
reliever,3
trolled,3
proceed,3
3rds,3
88,3
terrorist,3
tame,3
distribution,3
untreated,3
pathway,3
negotiations,3
feared,3
rly,3
vintage,3
homer,3
worm,3
bleh,3
tiring,3
qualifications,3
permit,3
weplay,3
fentanyl,3
spaghetti,3
inhumane,3
charisma,3
lul,3
narcissists,3
desires,3
regretted,3
transgender,3
deus,3
impulse,3
kiwi,3
aiming,3
definately,3
remembers,3
swimming,3
r1,3
overwhelmed,3
trainwreck,3
measures,3
mlb,3
abysmal,3
cracker,3
despacito,3
comedycemetery,3
tile,3
demeaning,3
olicity,3
beatles,3
duo,3
faq,3
quo,3
puppies,3
jamming,3
1980,3
broth,3
paintings,3
coupon,3
agony,3
discomfort,3
swastika,3
rockin,3
uncaring,3
roy,3
ee,3
ambien,3
buys,3
conditioning,3
hunter,3
marines,3
regretting,3
deceptive,3
firmly,3
ness,3
speechless,3
mart,3
goosebumps,3
canada's,3
kid's,3
align,3
praised,3
amygdala,3
arrogant,3
scandal,3
freeing,3
irritates,3
swore,3
dnd,3
comrades,3
shafted,3
year's,3
microsoft,3
complexity,3
calmest,3
pending,3
dye,3
stances,3
scarred,3
masculine,3
erection,3
braces,3
opt,3
indulge,3
sniper,3
upstairs,3
pineapple,3
wraps,3
litter,3
goddamnit,3
frosty,3
06,3
shredded,3
sm,3
concentration,3
villains,3
charitable,3
untouchable,3
iraq,3
lunatic,3
slaves,3
audiobook,3
alley,3
solving,3
gofundme,3
macaroni,3
consoles,3
trails,3
greed,3
encounters,3
whales,3
orgs,3
shovel,3
revolt,3
blurry,3
dispensary,3
thc,3
batch,3
stans,3
jerked,3
mixups,3
batches,3
possum,3
chapters,3
lone,3
delivering,3
unsolicited,3
humid,3
bolton,3
reservations,3
women’s,3
clinging,3
criticised,3
derived,3
coyote,3
curry,3
painted,3
mk11,3
squint,3
senior,3
advertisement,3
documents,3
bestof,3
c’mon,3
sadistic,3
nk,3
artwork,3
shrek,3
crybaby,3
cropped,3
exploitative,3
hallucinations,3
persons,3
conformity,3
documented,3
lookout,3
worthwhile,3
aircraft,3
gasp,3
lecture,3
cleaner,3
demise,3
kombat,3
cups,3
babbling,3
rendering,3
ssd,3
unworthy,3
categories,3
proactive,3
euphemism,3
ditching,3
adopting,3
presses,3
mute,3
circulation,3
prosecuted,3
escalate,3
firearm,3
bride,3
zoom,3
drone,3
shoveling,3
dakota,3
razors,3
biscuit,3
bouncing,3
freshman,3
reunion,3
boiii,3
overdose,3
escort,3
30th,3
impatient,3
tfa,3
yoghurt,3
mourn,3
elites,3
petting,3
wobble,3
person’s,3
doink,3
angrily,3
organize,3
parrot,3
harmed,3
immense,3
snuggle,3
dec,3
hindsight,3
poles,3
dodgeball,3
moan,3
menace,3
reporter,3
rachel,3
farming,3
deflect,3
rogue,3
poof,3
rite,3
horrors,3
diabetes,3
wacky,3
plow,3
taiwan,3
canceled,3
customization,3
errands,3
nifty,3
purchased,3
toughest,3
choosy,3
rampant,3
seeker,3
indoor,3
transphobe,3
annoyingly,3
cicada,3
poem,3
soy,3
contradicts,3
gdp,3
newspapers,3
widespread,3
scat,3
smear,3
altercation,3
pnw,3
brownie,3
scorpion,3
placing,3
lobsters,3
terrorism,3
bowls,3
incompatible,3
commited,3
guidelines,3
roundabouts,3
team's,3
ufa,3
participate,3
participation,3
cheesecake,3
windsor,3
classified,3
merge,3
bestest,3
backstop,3
rile,3
guy’s,3
yardstick,3
pistol,3
homeland,3
furloughed,3
mains,3
asg,3
glasgow,3
filters,3
wheels,3
pumps,3
container,3
dominated,3
clutching,3
mt,3
faux,3
journalistic,3
oligarchs,3
falcon,3
urge,3
kneecap,3
tylenol,3
proceeds,3
2500,3
invade,3
devout,3
designer,3
voiced,3
mumble,3
wheres,3
lyrical,3
biblical,3
rhymes,3
trader,3
butterflies,3
skipped,3
shattering,3
debit,3
pupils,3
consumed,3
bromance,3
begged,3
welsh,3
chucking,3
dell,3
unbelievably,3
unsubscribe,3
woken,3
grabbed,3
settings,3
nukes,3
tricking,3
salmonella,3
initiate,3
halloween,3
scarf,3
hl,3
jesus,3
exasperated,3
selective,3
unbearable,3
hormone,3
fluffy,3
trout,3
blowout,3
1987,3
liable,3
abusers,3
hairy,3
char,3
scraps,3
shakes,3
tourists,3
cinema,3
prius,3
bigoted,3
roasts,3
uncontrollably,3
optics,3
prettiest,3
appeals,3
suspended,3
sfw,3
scratches,3
parroting,3
winded,3
vengeance,3
cleanup,3
virus,3
strict,3
mom's,3
uj,3
packages,3
heroic,3
comparable,3
cal,3
squeeze,3
approached,3
dw,3
charm,3
rail,3
athens,3
monetary,3
massively,3
euro,3
tiger,3
dup,3
globalism,3
trades,3
bangin,3
hopping,3
tbm,3
stickers,3
grumps,3
buns,3
capita,3
activated,3
ir,3
precisely,3
murderedbywords,3
addictive,3
urine,3
subscription,3
forks,3
aquaria,3
silently,3
pt,3
combos,3
employers,3
trim,3
retrieve,3
unbalanced,3
brownies,3
appetite,3
clarity,3
destroys,3
venom,3
floss,3
crushes,3
supplement,3
antique,3
gs,3
marxism,3
flour,3
procreate,3
hoot,3
temp,3
douchy,3
xoxo,3
nervousness,3
pea,3
liner,3
closes,3
demonstration,3
ample,3
explicitly,3
fierce,3
ults,3
presume,3
learnt,3
implication,3
awaits,3
shinobi,3
positional,3
hasnt,3
farewell,3
buffer,3
heartwarming,3
liberalism,3
49,3
camo,3
matched,3
blades,3
rum,3
leeches,3
infested,3
scythe,3
puddle,3
disadvantage,3
foremost,3
perspectives,3
debacle,3
scripture,3
showcase,3
fend,3
hatch,3
developer,3
desirable,3
untrained,3
tremendously,3
pronounced,3
rotten,3
sob,3
goalpost,3
slick,3
similarity,3
censorship,3
paychecks,3
heyyy,3
definitly,3
regulation,3
entities,3
taunt,3
vitamins,3
shouldve,3
awkwardness,3
megaphone,3
reign,3
forgiveness,3
intestines,3
noodle,3
scandinavia,3
chuckled,3
sox,3
nylander,3
11am,3
brazen,3
pickles,3
oily,3
slipped,3
temperatures,3
surviving,3
astonishing,3
achievement,3
photoshopped,3
participating,3
bends,3
splitting,3
gene,3
misremembering,3
dae,3
orisa,3
triggers,3
retires,3
misogynistic,3
mobs,3
buds,3
prostitutes,3
bucs,3
verifying,3
tubes,3
fairfield,3
discourage,3
paused,3
candies,3
bipod,3
kink,3
expressing,3
producers,3
conquer,3
muster,3
releasing,3
pushers,3
fortress,3
atrocious,3
anonymous,3
goin,3
sodas,3
handicapped,3
outcomes,3
angles,3
verbal,3
rushing,3
37,3
climbing,3
batman,3
debatable,3
bantz,3
fwiw,3
pear,3
habitat,3
overpaid,3
custody,3
polyamory,3
hangover,3
checkout,3
infatuation,3
hazard,3
gummy,3
horn,3
liga,3
superhero,3
pin,3
afloat,3
stbx,3
introducing,3
progression,3
thrones,3
surgeon,3
paws,3
watermelon,3
simpler,3
avengers,3
coding,3
transphobes,3
scissors,3
δ,3
jury,3
fi,3
radiation,3
companions,3
anthem,3
generalization,3
sock,3
frequent,3
corrupted,3
noone,3
bloated,3
populist,3
biting,3
deadline,3
exposes,3
capitol,3
flood,3
erect,3
yummy,3
deposit,3
interracial,3
itching,3
inshallah,3
attachment,3
decks,3
unemployed,3
disadvantaged,3
pits,3
thos,3
thailand,3
haven,3
howling,3
27th,3
remote,3
mis,3
oranges,3
everyones,3
intriguing,3
sixteen,3
leaders,3
reccomend,3
salesmen,3
ignores,3
mics,3
dads,3
gdt,3
qp,3
speakers,3
xanax,3
laser,3
maths,3
voluntary,3
governor,3
recommendations,3
paperwork,3
blank,3
vax,3
judgements,3
hurdle,3
resign,3
sweetener,3
decay,3
starvation,3
jfc,3
staged,3
wth,3
converting,3
relating,3
slapping,3
hunters,3
tainted,3
gel,3
embarassed,3
embarrass,3
cigar,3
vitamin,3
carolina,3
wifi,3
roasted,3
headphones,3
wisely,3
reeks,3
replacing,3
ie,3
deuce,3
inept,3
dame,3
kenpom,3
mnf,3
resist,3
deflects,3
hoodie,3
frighteningly,3
imprisoned,3
yelp,3
contradictory,3
straws,3
venti,3
commission,3
minus,3
mf,3
commented,3
traps,3
bah,3
esp,3
announcer,3
dayum,3
surface,3
who'd,3
chipper,3
garfield,3
selected,3
occurs,3
rfa,3
harmless,3
happend,3
blaze,3
downright,3
alcoholics,3
artistic,3
dressing,3
rider,3
tldr,3
articulate,3
collab,3
mythology,3
griefing,3
newly,3
crit,3
scrims,3
suspicions,3
plugs,3
kid’s,3
interference,3
mist,3
subnautica,3
turf,3
dopamine,3
breeze,3
wigs,3
endorse,3
powered,3
inferior,3
attached,3
faze,3
ahahaha,3
experimental,3
designs,3
yessss,3
bouts,3
srsly,3
lumped,3
40k,3
today’s,3
rampage,3
waifu,3
rome,3
handles,3
knobs,3
sequence,3
rosters,3
firefly,3
plausible,3
clowns,3
undone,3
innings,3
140,3
shitlord,3
airbender,3
botched,3
comfy,3
neon,3
interstate,3
judgemental,3
mcd's,3
doritos,3
saug,3
circumstance,3
astrology,3
fiend,3
leak,3
contrast,3
vegetable,3
favour,3
trace,3
shields,3
notch,3
skit,3
swamp,3
incoming,3
remained,3
madness,3
owes,3
sicko,3
curve,3
slips,3
show's,3
feb,3
bf4,3
maker,3
overlords,3
ox,3
vein,3
aaaand,3
tuna,3
decently,3
metoo,3
chad,3
lockup,3
hd,3
buffed,3
breeders,3
aligning,3
moot,3
valium,3
purged,3
ankles,3
bisexual,3
occam's,3
beal,3
evidently,3
unsafe,3
codes,3
amateur,3
pressed,3
bowling,3
awfully,3
tense,3
overrate,3
knuckle,3
liners,3
audibly,3
struggled,3
mixing,3
apathy,3
chess,3
revisionist,3
reread,3
munchkin,3
giveaway,3
lovingly,3
insta,3
blackout,3
billionaire,3
construction,3
nothin,3
cherry,3
provides,3
64,3
crosses,3
dodges,3
dodging,3
habs,3
genetics,3
reactionary,3
classroom,3
redhead,3
suffers,3
inject,3
intuitive,3
icu,3
curls,3
gently,3
mold,3
elementary,3
nips,3
etsy,3
reelection,3
buyer,3
knot,3
cutie,3
opposites,3
significance,3
ay,3
crucified,3
standpoint,3
heights,3
escaping,3
entirety,3
facilities,3
fillers,3
imho,3
keyboard,3
acdc,3
bedtime,3
satan,3
unarmed,3
tagging,3
carlton,3
wrecking,3
kc,3
dmt,3
dipping,3
cackled,3
ned,3
iamverysmart,3
illiterate,3
crocodile,3
mile,3
opener,3
testicles,3
bmw,3
goaltender,3
dsa,3
biases,3
waaaaay,3
considers,3
unionist,3
reps,3
poser,3
commies,3
relying,3
plants,3
christ,3
dam,3
controllers,3
wellington,3
zealand,3
logged,3
consciousness,3
barren,3
bass,3
nearby,3
leprechaun,3
progressively,3
casuals,3
separation,3
hamster,3
procedure,3
tendies,3
ambitious,3
flaws,3
argentina,3
smackdown,3
entp,3
advocates,3
shattered,3
translates,3
cuter,3
wimp,3
unsub,3
paralyzed,3
dysfunction,3
periodically,3
packaging,3
chemo,3
lasting,3
ra,3
connections,3
sneaking,3
spain,3
mornings,3
protocol,3
emperor,3
instructions,3
artery,3
prolly,3
explosive,3
landslide,3
partially,3
thigh,3
dinosaurs,3
lmk,3
dbs,3
patterns,3
antinatalist,3
ocs,3
infinite,3
mmmmm,3
joke's,3
pudding,3
demands,3
generalizations,3
unhelpful,3
coordinator,3
dealers,3
stereotypical,3
redemption,3
grin,3
import,3
sentient,3
imperial,3
smurf,3
triangle,3
deaf,3
monopolies,3
colombian,3
uphill,3
lens,3
diagnose,3
whichever,3
eyebrow,3
drawn,3
investigations,3
noticeable,3
thrilled,3
playlists,3
marks,3
gal,3
politely,3
pleb,3
mango,3
perks,3
documenting,3
contradicted,3
acceptance,3
insecurity,3
pope,3
sells,3
regulars,3
camping,3
pervasive,3
gendered,3
ep4,3
streamer,3
philadelphia,3
scarlet,3
civilians,3
choir,3
snipe,3
wrecked,3
petulant,3
acted,3
clarified,3
addict,3
portugal,3
eliminated,3
cliche,3
advised,3
pelvic,3
atlantic,3
movements,3
grey’s,3
devastated,3
boogie,3
pakistan,3
colder,3
shifted,3
arbitrary,3
lactose,3
navy,3
healer,3
entps,3
azz,3
grounded,3
deodorant,3
neglected,3
opiates,3
intimidate,3
vaguely,3
regards,3
les,3
achieved,3
flavours,3
celtics,3
sundays,3
fractured,3
spa,3
goofed,3
bolts,3
borders,3
traumatized,3
bans,3
hebrew,3
sausage,3
spinach,3
brigade,3
wooden,3
lungs,3
waaaay,3
robbed,3
tracer,3
fantasize,3
password,3
goodnight,3
mermaids,3
fleshy,3
autonomous,3
vaginal,3
superpower,3
misunderstand,3
messaging,3
increasingly,3
ram,3
discount,3
bournemouth,3
cbs,3
aaaaaand,3
spectrum,3
b4,3
warden,3
125,3
sworn,3
aloof,3
trusted,3
enfp,3
accomplished,3
boyo,3
crow,3
lobby,3
occasion,3
dooku,3
offenders,3
thr,3
dumbasses,3
endangered,3
legality,3
fleeting,3
prisoners,3
pessimistic,3
everything's,3
errr,3
unions,3
disconcerting,3
peeing,3
insulin,3
renaissance,3
staggering,3
bfv,3
swears,3
this’ll,3
derogatory,3
unis,3
satisfy,3
skating,3
cemetery,3
tropical,3
subhuman,3
medicare,3
presentation,3
excess,3
dysmorphia,3
simulator,3
jest,3
pickup,3
dictatorships,3
resulted,3
rot,3
hominem,3
copies,3
groceries,3
proudly,3
errors,3
tension,3
hugging,3
evaporate,3
decrease,3
denied,3
memphis,3
impeached,3
shitshow,3
tender,3
frauded,3
emergencies,3
borrow,3
boobies,3
shhh,3
insufferable,3
rave,3
learns,3
creature,3
foreskin,3
shenanigans,3
perpetrator,3
methods,3
frugal,3
despair,3
tirade,3
journalism,3
subjects,3
daytime,3
fc,3
obs,3
toad,3
warrior,3
taper,3
thrash,3
enforcing,3
snapped,3
privacy,3
prog,3
clench,3
andromeda,3
coma,3
disability,3
notices,3
bulge,3
offs,3
grad,3
precise,3
lashes,3
arsed,3
linux,3
freaked,3
herpes,3
adoption,3
awkwardly,3
encounter,3
strategic,3
aspects,3
distorted,3
sobriety,3
stocking,3
ambiguous,3
rope,3
2x,3
petition,3
freaks,3
multicultural,3
mothers,3
bitches,3
initiative,3
endure,3
bangs,3
zelda,3
payroll,3
refugee,3
flaccid,3
wretched,3
hosting,3
skater,3
chests,3
redeeming,3
confuses,3
stretched,3
murderer,3
bargain,3
playground,3
encouraged,3
argh,3
comical,3
flowing,3
remix,3
crows,3
credited,3
monsters,3
swearing,3
workplace,3
lighten,3
remastered,3
homage,3
undercover,3
bailed,3
thee,3
palette,3
doxxing,3
retiring,3
geniuses,3
spidey,3
govt,3
matchmaking,3
450,3
techniques,3
devoted,3
iud,3
clumsy,3
internally,3
accountability,3
rainy,3
crispy,3
corrects,3
spectate,3
quits,3
catered,3
monstrosity,3
circus,3
t2,3
juuls,3
subsidized,3
unchecked,3
trumps,3
meddling,3
brotha,3
fairy,3
saddle,3
imperialist,3
slope,3
rockstar,3
fifteen,3
church's,3
yells,3
labels,3
repercussions,3
adulthood,3
miserably,3
85,3
clicks,3
selfless,3
pbr,3
sw,3
unlocking,3
celebrating,3
critics,3
unwatchable,3
tomato,3
breakers,3
broom,3
deliberate,3
peg,3
wil,3
disposable,3
riverdale,3
builder,3
sank,3
skits,3
pander,3
ph,3
easter,3
whataburger,3
why'd,3
abyss,3
snuck,3
professionally,3
lucasfilm,3
s2,3
ducks,3
baffling,3
bigots,3
cringeworthy,3
outspoken,3
istanbul,3
applause,3
draining,3
stairs,3
stoped,3
boomer,3
reevaluate,3
soldier,3
touchy,3
cooperate,3
nepotism,3
beards,3
representatives,3
ants,3
gains,3
vests,3
oatmeal,3
thunder,3
promoted,3
lifting,3
trae,3
complains,3
nola,3
supremacist,3
sat,3
qld,3
paw,3
employer,3
dilemma,3
psychedelics,3
occasional,3
amongst,3
peacefully,3
sweats,3
forgiving,3
daycare,3
benzos,3
researching,3
pennsylvania,3
preseason,3
consensual,3
tesla,3
confined,3
toll,3
fishy,3
crisp,3
merry,3
dom,3
enact,3
institutions,3
usps,3
statism,3
mag,3
hesitate,3
stocks,3
grows,3
treyarch,3
te,3
dummies,3
straights,3
gluten,3
tractor,3
reaches,3
frogs,3
limiting,3
efficiently,3
floyd,3
stoners,3
satisfied,3
manufactured,3
planes,3
estimate,3
indicator,3
lesbian,3
mongering,3
punished,3
condemned,3
boats,3
bystander,3
shocker,3
simplistic,3
slaughter,3
increasing,3
transplant,3
interrupt,3
totalitarian,3
werk,3
chapotraphouse,3
birthed,3
imported,3
beggars,3
reload,3
mtg,3
gh,3
reposts,3
mocks,3
comedic,3
recourse,3
excluding,3
purge,3
infantry,3
poisoned,3
civilization,3
payer,3
vendor,3
virtually,3
stomp,3
swinging,3
crunch,3
housewives,3
gems,3
offset,3
carpet,3
meritocracy,3
verb,3
lighting,3
coincidental,3
bonding,3
rhino,3
rake,3
surroundings,3
paparazzi,3
sliders,3
wording,3
converted,3
unh,3
abt,2
boards,2
demographics,2
retardation,2
fptp,2
9k,2
mindfulness,2
doorbell,2
pervert,2
atmosphere,2
lemons,2
proverbial,2
catcher,2
smartly,2
deadpan,2
mog,2
infiltrated,2
files,2
neurotypical,2
openings,2
asst,2
tempting,2
bodily,2
authorities,2
enlighten,2
stylist,2
crossposts,2
jello,2
incentives,2
underpaid,2
broadcaster,2
wallow,2
phantom,2
gurl,2
kemba,2
tankies,2
doctored,2
compares,2
duped,2
tsn,2
abstract,2
tng,2
booming,2
usc,2
radar,2
warmth,2
funky,2
optimist,2
banked,2
secrecy,2
prestigious,2
universities,2
sweatie,2
draws,2
stresses,2
structural,2
420,2
prejudice,2
retains,2
rappers,2
sunrise,2
emotes,2
cured,2
alphabet,2
hugely,2
ejected,2
glitch,2
harris,2
reflective,2
shades,2
conspiracies,2
pubes,2
toilets,2
definitive,2
outlaws,2
nooooo,2
trollgc,2
ibiteyou,2
bonkers,2
quarantine,2
rex,2
maximize,2
puppets,2
adjustments,2
blindness,2
declaration,2
cronies,2
del,2
battlefront,2
charger,2
stripper,2
imax,2
compassionate,2
chatty,2
convincing,2
leo,2
mixup,2
obsessing,2
pedestal,2
punisher,2
penetrated,2
systematic,2
buttcoin,2
coastal,2
hotspots,2
reactable,2
headbutt,2
amigo,2
hungover,2
1b,2
obsessively,2
inception,2
theorists,2
conforming,2
bew,2
germans,2
fatness,2
unleash,2
slob,2
sponsors,2
thou,2
institute,2
ooohhh,2
scammers,2
debunked,2
observing,2
polling,2
cardinals,2
savvy,2
tortillas,2
nutritional,2
queer,2
pranks,2
whiff,2
michelin,2
approximately,2
4000,2
damp,2
ben,2
scripts,2
exceedingly,2
lithium,2
stealth,2
interpreted,2
dignified,2
cheesy,2
pans,2
labyrinth,2
retreat,2
troo,2
housewife,2
ancap,2
units,2
drift,2
46,2
impose,2
uhhh,2
mortals,2
kr,2
fouled,2
ranting,2
offside,2
kotaku,2
youtubers,2
manageable,2
blacklist,2
eb,2
rapidly,2
kratz,2
mullet,2
spotting,2
dedmon,2
expiring,2
tankie,2
apropos,2
leagues,2
mam,2
pov,2
rewriting,2
tines,2
bury,2
independently,2
nomination,2
cad,2
deadlift,2
foid,2
proxy,2
asterisks,2
divert,2
burnout,2
fatty,2
packets,2
itches,2
containment,2
rushes,2
enraged,2
url,2
comedyheaven,2
palpatine,2
trafficking,2
enchantress,2
demolition,2
drugged,2
3b,2
alligators,2
mono,2
polyamorous,2
verified,2
dutchy,2
tkachuk,2
stoner,2
unkind,2
eps,2
cosmos,2
vic,2
earthquake,2
doctor's,2
secrets,2
misspoke,2
floored,2
charities,2
correlated,2
dork,2
routinely,2
ash,2
gayest,2
pwbpd,2
psychosis,2
doggy,2
slinky,2
exert,2
compromises,2
occurrence,2
noticing,2
darwin,2
belle,2
sceptical,2
driven,2
56,2
doxing,2
ifs,2
pipeline,2
blessings,2
covert,2
mistakenly,2
oliver,2
fiddle,2
huey,2
equity,2
sacrificing,2
pubic,2
180,2
deficiency,2
ttk,2
mtn,2
corinthians,2
sry,2
proudest,2
troglodytes,2
exercising,2
crave,2
21st,2
fluent,2
67,2
willpower,2
gwent,2
spiteful,2
dublin,2
rifles,2
damages,2
differing,2
heresy,2
peaky,2
ditched,2
franklin,2
fairness,2
sup,2
deflecting,2
glued,2
organise,2
granddaughter,2
unleashed,2
vans,2
referred,2
rigged,2
busses,2
homemade,2
tahiti,2
luckiest,2
empathize,2
bjj,2
mercury,2
ferrets,2
offender,2
tablets,2
mapping,2
saddens,2
stache,2
wb,2
hills,2
heckin,2
pressured,2
rubbing,2
fresno,2
yare,2
tease,2
unknown,2
phrenology,2
tard,2
implode,2
clipped,2
webos,2
thump,2
madridista,2
doxxed,2
varies,2
belittling,2
boyfriends,2
careers,2
thrashed,2
chlorine,2
unrepresentative,2
anf,2
newest,2
president's,2
indica,2
3's,2
breakout,2
270,2
attach,2
barca,2
amiright,2
popper,2
pleasures,2
nacho,2
yuh,2
strung,2
traveler,2
unreliable,2
striped,2
abram,2
wayyyy,2
snag,2
assistance,2
lucio,2
character's,2
organisation,2
dean,2
conductors,2
solutions,2
favorability,2
rationalist,2
glock,2
tweaked,2
loudly,2
schlock,2
bracket,2
minors,2
contractor,2
cravings,2
fyre,2
drought,2
flexibility,2
diva,2
theocracy,2
colt,2
mueller,2
shrugs,2
requirement,2
observe,2
1400,2
spitting,2
beasts,2
pusher,2
buffet,2
circlejerking,2
confuse,2
wander,2
ginger,2
sats,2
poses,2
probable,2
gase,2
boxers,2
tortured,2
screenings,2
progresses,2
hubs,2
mutant,2
claps,2
538,2
hovering,2
inhaling,2
chilli,2
downplay,2
groped,2
iw,2
thathappened,2
magnitude,2
smartest,2
disproven,2
skiing,2
everything’s,2
golds,2
dinners,2
truckstop,2
bloating,2
witten,2
starve,2
blockade,2
assemble,2
psychopathic,2
nostalgic,2
labeling,2
taxation,2
maori,2
battalion,2
assaulters,2
etiquette,2
surf,2
initiated,2
chunky,2
tighten,2
aligned,2
habitats,2
offending,2
tasteless,2
jungler,2
confronting,2
weights,2
obsessive,2
produces,2
beheading,2
occured,2
revenue,2
clues,2
creamer,2
stuffs,2
creed,2
suppress,2
paddles,2
lg,2
devices,2
crowns,2
outbreak,2
hallmark,2
demonstrated,2
glimpses,2
studios,2
parlay,2
beware,2
destruct,2
acquaintance,2
gifted,2
considerably,2
lifes,2
requested,2
gestures,2
pose,2
cliffs,2
lfg,2
disclose,2
malaise,2
barbecue,2
sandals,2
verify,2
concentrating,2
banquet,2
electing,2
vaxxed,2
tabloid,2
intensely,2
wronged,2
statute,2
fran,2
sexualized,2
shithead,2
flown,2
ctr,2
unlawful,2
parasite,2
prolonged,2
therm,2
fickle,2
polygon,2
offsides,2
contaminated,2
burial,2
misinterpreted,2
itchy,2
surround,2
bali,2
beckons,2
elitism,2
toasting,2
slop,2
wetv,2
resistant,2
pickling,2
ppv,2
obsessions,2
belts,2
aaaaand,2
eliminates,2
novo,2
flock,2
apes,2
horns,2
louis,2
spacing,2
portfolio,2
peeve,2
washes,2
textures,2
guests,2
improvise,2
scooter,2
foodie,2
imam,2
manifest,2
nutshell,2
wayne’s,2
terrors,2
fuzz,2
menstrual,2
caved,2
furthest,2
rebounds,2
chilling,2
refrigerator,2
crowding,2
sniffing,2
conflicted,2
barbaric,2
stbxh,2
asthma,2
biker,2
scents,2
amber,2
utopia,2
insisted,2
musk,2
hampton,2
praising,2
gents,2
uncanny,2
belive,2
bellybutton,2
lunatics,2
legitimize,2
yesterday's,2
brushing,2
mother's,2
reciprocate,2
bucca,2
shotguns,2
pawed,2
locationbot,2
erupted,2
hoax,2
hotels,2
florence,2
capitulate,2
imaging,2
distaste,2
starwars,2
companion,2
nooooooo,2
venture,2
2h,2
strap,2
inflating,2
hindi,2
shortstop,2
hides,2
bearer,2
pnr,2
boosted,2
freckles,2
dispatcher,2
traditions,2
pff,2
formally,2
trimming,2
100m,2
graduation,2
snoke,2
dankmemes,2
dandy,2
licensure,2
metaphorical,2
unconventional,2
nerfs,2
git,2
contested,2
activision,2
dana,2
tunes,2
reputation,2
masala,2
swat,2
jokic,2
partial,2
elitists,2
baiting,2
quoth,2
melted,2
anticipating,2
goooo,2
modeling,2
effortlessly,2
fleas,2
hrs,2
nuggs,2
nascar,2
enable,2
k9,2
tithing,2
promotes,2
portrayal,2
limewire,2
ripoff,2
werent,2
hallelujah,2
accessing,2
preschool,2
amputee,2
disregarding,2
loner,2
hotdogs,2
mason,2
prefers,2
api,2
featuring,2
crate,2
mastermind,2
rocketed,2
chub,2
mars,2
teabags,2
campaigns,2
bluff,2
ba,2
someway,2
reacted,2
braver,2
o7,2
cannibal,2
robs,2
endeavors,2
blindfold,2
fuckkkkk,2
poppin,2
mary,2
insomniac,2
reserve,2
mmos,2
dasher,2
trucker,2
s7,2
disinterested,2
snapchats,2
bae,2
exited,2
scarecrow,2
60s,2
trench,2
samples,2
ri,2
pooping,2
ughhh,2
looting,2
oct,2
corgi,2
iceland,2
reminders,2
goddamit,2
od's,2
noodles,2
anus,2
pester,2
clotting,2
convention,2
colours,2
masturbated,2
parked,2
stunted,2
constructed,2
medic,2
sawed,2
xo,2
derangement,2
rosa,2
corpus,2
ukrainian,2
conductor,2
dour,2
quarry,2
obligatory,2
licker,2
pub,2
indistinguishable,2
whipping,2
turbo,2
demoted,2
homophobes,2
drained,2
validating,2
fusion,2
unfinished,2
spoon,2
unintended,2
vicinity,2
nutter,2
lo,2
righteousness,2
unto,2
cherokee,2
restart,2
hahahahahahaha,2
handbook,2
depictions,2
pinned,2
output,2
butthole,2
clinch,2
lmfaoooooo,2
chewing,2
bloopers,2
gunpoint,2
sociopathic,2
ii,2
iit,2
disturbed,2
pour,2
majors,2
pond,2
tremendous,2
cranking,2
leggings,2
slim,2
oceans,2
ruse,2
poe,2
affiliate,2
exploitation,2
css,2
dfac,2
upholding,2
installation,2
ridiculed,2
pollution,2
gnarly,2
outlive,2
shh,2
marker,2
23andme,2
lingo,2
jihadi,2
woman’s,2
colorful,2
goalies,2
forge,2
cosy,2
pittsburgh's,2
switzerland,2
lovable,2
sounding,2
targeted,2
spun,2
ttigers,2
loosely,2
parkour,2
blu,2
crutch,2
transport,2
pitching,2
weirdos,2
nineteen,2
astroturf,2
hosts,2
45th,2
interchange,2
tj,2
sovereignty,2
97,2
currency,2
redeemed,2
tarp,2
dresses,2
gasping,2
confessing,2
nuke,2
intrinsically,2
handing,2
cvs,2
migraines,2
deduction,2
consciously,2
subconsciously,2
martyr,2
scientology,2
bosses,2
indonesia,2
nudged,2
dire,2
fanmade,2
stages,2
methodology,2
reasonably,2
ld,2
elbow,2
swipe,2
shudder,2
prageru,2
bargaining,2
digits,2
physician,2
gasoline,2
segwit,2
erase,2
7pm,2
feigning,2
critique,2
boneless,2
breaded,2
hollowed,2
halls,2
farce,2
cartridges,2
cords,2
xl,2
vaccinating,2
aging,2
digitally,2
executed,2
dwellers,2
druggie,2
manipulated,2
pubg,2
risking,2
offline,2
swift,2
inflicted,2
f5,2
res,2
netherlands,2
aunts,2
blogs,2
funerals,2
morocco,2
legalised,2
software,2
comically,2
gov't,2
occupy,2
rapes,2
deadass,2
benign,2
wana,2
beds,2
implicitly,2
ensuring,2
submissive,2
nevada,2
colleagues,2
audacity,2
prosecution,2
retro,2
waxed,2
anecdotes,2
truely,2
asbestos,2
rubbed,2
sk,2
transmission,2
kimono,2
executing,2
drooling,2
dwarves,2
overtly,2
fixable,2
tasting,2
bootcamp,2
reviewed,2
autopilot,2
tweaks,2
semblance,2
scummy,2
pursuit,2
lustful,2
petite,2
delve,2
pierce,2
misspelled,2
fringe,2
teamwork,2
superficial,2
impersonating,2
lecturing,2
dex,2
asain,2
volvo,2
renewing,2
undeveloped,2
unconscious,2
stepmom,2
chore,2
pictured,2
outweigh,2
crossfire,2
enchanted,2
complicit,2
submitted,2
childbirth,2
refreshingly,2
distinct,2
else’s,2
blazers,2
vacuums,2
aftermath,2
stanky,2
ing,2
schizophrenic,2
2022,2
royals,2
inspection,2
afterlife,2
healers,2
lord's,2
stalked,2
dulled,2
arrowverse,2
marketed,2
toothless,2
ayee,2
grilled,2
philosophical,2
junipero,2
deputy,2
combine,2
montage,2
zebras,2
curated,2
portray,2
scrolled,2
surge,2
glare,2
feud,2
announcing,2
rejuvenated,2
gatekeepers,2
cloud,2
other's,2
promotional,2
duff,2
eyeballing,2
streams,2
grappler,2
stain,2
paired,2
girlfriend's,2
athletes,2
druggies,2
negatively,2
peeled,2
tapes,2
possibilities,2
havin,2
hunger,2
666,2
wipers,2
scape,2
recieved,2
sly,2
shag,2
innit,2
thriving,2
factories,2
eventual,2
croc,2
contracting,2
heaping,2
difficulty,2
dubbed,2
husbands,2
racing,2
saskatoon,2
winterfell,2
ghetto,2
transitioning,2
roman,2
att,2
allways,2
eardrums,2
recruits,2
bayern,2
cmon,2
indirectly,2
awakening,2
poors,2
throwback,2
ala,2
hee,2
wheelchair,2
pepsi,2
uselessness,2
figuring,2
persistent,2
invoking,2
okogie,2
madman,2
442,2
alcs,2
msm,2
traitorous,2
montreal,2
sparse,2
applicable,2
stipulations,2
chihuahua,2
disgustingly,2
jonesing,2
fright,2
stereotypes,2
glitter,2
charging,2
stabbing,2
tidbit,2
d2,2
selfishness,2
hs,2
lowered,2
crabtree,2
dbt,2
locking,2
rebellion,2
170,2
stoned,2
griffin,2
dibs,2
viral,2
dsm,2
kilter,2
pish,2
stir,2
grizzly,2
dishwasher,2
debunking,2
tailing,2
bol,2
makers,2
extremism,2
chefs,2
unsuspecting,2
clinic,2
arses,2
spectacular,2
salah,2
edinburgh,2
fdr,2
dint,2
plank,2
representing,2
celebrities,2
distasteful,2
prosecute,2
bribes,2
identities,2
contrived,2
keemstar,2
criticises,2
stanley,2
expertise,2
31st,2
almighty,2
drunks,2
nick,2
dislocated,2
headaches,2
differ,2
palpable,2
parry,2
600ms,2
sellers,2
obsolete,2
composed,2
cs,2
ce,2
undergrad,2
companionship,2
depress,2
litre,2
pathfinder,2
pneumonia,2
feefees,2
tscc,2
backyard,2
efficiency,2
stairway,2
cpa,2
exmo,2
vermont,2
shilling,2
tourettes,2
nonstop,2
gong,2
theyd,2
hallways,2
reddits,2
depreciation,2
crackers,2
knickers,2
ruler,2
nostril,2
thins,2
shelters,2
survives,2
forces,2
salute,2
soundcloud,2
maintaining,2
adaptation,2
family's,2
kitties,2
pcs,2
suspensions,2
kpins,2
pming,2
joins,2
float,2
haul,2
aggravating,2
fountain,2
victimless,2
kd,2
classless,2
overgrown,2
cabbage,2
spreadsheeters,2
eagle,2
1782,2
timelines,2
konami,2
singling,2
videogame,2
graffiti,2
outfits,2
protective,2
onward,2
snitch,2
democratically,2
appendix,2
memer,2
spastic,2
psst,2
fanatical,2
horde,2
editorials,2
vogue,2
1600,2
200k,2
grail,2
tickles,2
lololol,2
nofap,2
slug,2
revoked,2
retard,2
smack,2
brisbane,2
psychiatric,2
steady,2
paradox,2
wonderfully,2
fester,2
whos,2
stoning,2
elephant,2
ummm,2
futile,2
fu,2
wendy’s,2
slogans,2
ulster,2
generate,2
zipper,2
unfiltered,2
nominees,2
defined,2
bun,2
fellas,2
fires,2
nonsensical,2
forgiven,2
shaved,2
ant,2
lawful,2
lotion,2
teaming,2
waxing,2
skype,2
cpc,2
mutations,2
dioxide,2
femenists,2
serum,2
infuriated,2
supermodel,2
sage,2
ambient,2
skilled,2
counseling,2
lunches,2
52k,2
sloths,2
meeee,2
itd,2
oml,2
smoothly,2
spartan,2
arriving,2
cleaned,2
ls,2
exercises,2
brightened,2
detached,2
sinner,2
span,2
sums,2
lapse,2
renewable,2
audit,2
dod,2
overhead,2
incompetence,2
drowned,2
countdown,2
await,2
4head,2
assad,2
criticisms,2
implementation,2
objecting,2
mashing,2
hacked,2
embarrasing,2
fertilize,2
lawns,2
500lb,2
hover,2
baffled,2
eyeball,2
mgtow,2
column,2
dummy,2
devo,2
emotionless,2
shadowy,2
vskill,2
shook,2
trippy,2
priorities,2
girlfriends,2
tifu,2
iasip,2
buyers,2
fracture,2
ussr,2
decry,2
throwaways,2
cesspool,2
endorsed,2
rebranded,2
judgment,2
suspicion,2
internalized,2
frosted,2
hormonal,2
otter,2
arkham,2
milquetoast,2
woooo,2
bleached,2
idgaf,2
craigslist,2
grams,2
gaydar,2
leveled,2
obligation,2
ether,2
sinking,2
idf,2
tattooed,2
rephrase,2
theatre,2
sidelines,2
gulp,2
nutrients,2
merchandise,2
harden,2
roommates,2
nostalgia,2
rein,2
beads,2
reno,2
marine,2
biologist,2
resentment,2
bartenders,2
feral,2
albany,2
meryn,2
croissants,2
anon,2
40's,2
multiplying,2
degrading,2
mmorpg,2
uga,2
eww,2
geology,2
centuries,2
collective,2
elements,2
strippers,2
puke,2
moco,2
shins,2
index,2
cons,2
secured,2
piano,2
louder,2
marrying,2
puzzled,2
77,2
pothole,2
warped,2
premiums,2
auntie,2
reliant,2
goats,2
bounds,2
redesign,2
adamant,2
demonized,2
jobless,2
payday,2
shitload,2
luring,2
purposes,2
slash,2
banker,2
refuge,2
fluids,2
obama,2
hiring,2
animations,2
explored,2
spongebob,2
arresting,2
poorest,2
cheekbones,2
comedian,2
observant,2
wifey,2
feints,2
hellscape,2
royalty,2
aneurysm,2
shrink,2
yiu,2
shed,2
colluded,2
buzzwords,2
queensland,2
asmr,2
collecting,2
restore,2
crawl,2
cigarette,2
costing,2
mining,2
parole,2
crawfish,2
sh,2
james,2
yessir,2
majoring,2
dividing,2
objectifying,2
diagnoses,2
whoosh,2
tyler,2
conq,2
grants,2
gratzy,2
octane,2
petrol,2
afaik,2
texan,2
occupation,2
badges,2
sucka,2
despicable,2
chai,2
potus,2
violations,2
swt,2
deeds,2
traumatizing,2
scrum,2
cuffs,2
millionth,2
wooow,2
impossibly,2
oy,2
flats,2
constitutes,2
caesar,2
hooman,2
achilles,2
tweaking,2
brb,2
tee,2
helmets,2
integration,2
aff,2
improperly,2
java,2
evaluate,2
scratching,2
cv,2
dva,2
savor,2
bumps,2
looooot,2
weddings,2
spanking,2
squirm,2
invincible,2
balloons,2
snek,2
roller,2
coaster,2
skelth,2
demonic,2
sociable,2
laced,2
lynch,2
publix,2
zippers,2
chats,2
betcha,2
reducing,2
speeding,2
steroids,2
bicycle,2
powell,2
1919,2
processing,2
reactor,2
voicing,2
albeit,2
daunting,2
deafening,2
unload,2
resignation,2
filmed,2
danced,2
frack,2
outkast,2
nuxia,2
african,2
inbox,2
1985,2
taurus,2
differentiate,2
il,2
gates,2
psychopaths,2
rag,2
contentious,2
tiers,2
woohoo,2
vape,2
specializes,2
omnibus,2
pretends,2
mummy,2
safari,2
betraying,2
hahahahahahahahaha,2
sept,2
tsk,2
d'oh,2
gigantic,2
outplaying,2
unblockable,2
drags,2
cactus,2
barrier,2
elastic,2
medications,2
chippy,2
prints,2
mills,2
speculating,2
vine,2
wwii,2
compilations,2
lance,2
mushroom,2
wooshing,2
criticized,2
fc5,2
dawn,2
secretary,2
schmucks,2
bannable,2
smite,2
3v3,2
striker,2
flailing,2
menthol,2
futures,2
iunno,2
buckles,2
careless,2
misheard,2
roach,2
vigilante,2
regional,2
patio,2
wi,2
brethren,2
grandmaster,2
mockery,2
overpowering,2
wannabe,2
sahara,2
characterization,2
automated,2
goober,2
dfs,2
revolver,2
tolerable,2
bops,2
viable,2
stigma,2
drinkwater,2
bakayoko,2
pumping,2
sephardic,2
synagogue,2
represented,2
unsubscribed,2
traction,2
unintentionally,2
affiliated,2
squeaked,2
arthouse,2
tosh,2
braincels,2
allstar,2
restricts,2
paraded,2
2021,2
balding,2
grooming,2
niche,2
boredom,2
rowdy,2
responsibilities,2
1970s,2
originals,2
soulmate,2
photograph,2
reduces,2
webpages,2
botw,2
fetishists,2
mistyped,2
arcade,2
infants,2
battered,2
imbecile,2
smarts,2
gambling,2
ethereum,2
divine,2
burrito,2
madison,2
boneappletea,2
earliest,2
stumbling,2
procedures,2
tumor,2
grease,2
haunted,2
nevertheless,2
enthusiastic,2
investigator,2
guided,2
calves,2
y2k,2
preferring,2
pedophiles,2
dolls,2
equate,2
worldview,2
memorize,2
tendency,2
dimension,2
skinnier,2
blacked,2
cringed,2
thinkers,2
critic,2
adverts,2
fulfill,2
betrays,2
sweetheart,2
dizzy,2
mom’s,2
beverage,2
skirt,2
phenomenon,2
justno's,2
rebuilding,2
buh,2
urethra,2
polly,2
bdsm,2
smearing,2
additionally,2
diffrence,2
fixated,2
irritable,2
stench,2
bananas,2
douchebags,2
appliances,2
mistress,2
piracy,2
cargo,2
emptiness,2
pardons,2
chic,2
lime,2
patrol,2
obstacle,2
density,2
lille,2
immunocompromised,2
op’s,2
shivers,2
wagon,2
mascara,2
martial,2
pta,2
disbanded,2
ahhhhh,2
cuties,2
prevailing,2
thedonald,2
artist's,2
grill,2
ifunny,2
nerds,2
cryptocurrency,2
fearsome,2
bitterness,2
portrayed,2
cutters,2
woooshed,2
therapists,2
undertaken,2
pine,2
toothbrush,2
arabia,2
tutorials,2
schedules,2
wikihow,2
regrettable,2
suspension,2
dyslexia,2
nutrition,2
cringing,2
cespedes,2
attest,2
alleviate,2
rested,2
ren,2
watered,2
printed,2
effected,2
cho,2
wyoming,2
unranked,2
waterproof,2
neighbourhood,2
anyhow,2
crook,2
notre,2
unconvincing,2
reasoned,2
crackin,2
webcams,2
referee,2
when's,2
beatiful,2
persistence,2
bulwark,2
everloving,2
surgeries,2
killin,2
stab,2
tyl,2
presumably,2
formatting,2
humidity,2
amusement,2
diagnosis,2
ada,2
scepter,2
doublethink,2
swell,2
socket,2
suited,2
whaaat,2
sofa,2
sociopaths,2
patriarchy,2
governance,2
suspects,2
greet,2
ridiculousness,2
113,2
illustrate,2
sketch,2
norway,2
et,2
nudity,2
husky,2
feits,2
softer,2
mastered,2
swoon,2
bing,2
atrocity,2
elders,2
institutional,2
positioning,2
bubbling,2
demisexual,2
johns,2
frightened,2
flashback,2
province,2
lurked,2
fatality,2
divergence,2
costco,2
cyst,2
assessments,2
batted,2
eyelid,2
normalize,2
oneself,2
drowns,2
merits,2
dystopia,2
dental,2
aftershow,2
neckbeards,2
underneath,2
exploring,2
swf,2
raccoon,2
themes,2
swiped,2
exceed,2
bioshock,2
needless,2
apron,2
nonononoyes,2
beatable,2
punches,2
egos,2
womp,2
screenshots,2
disciplined,2
dives,2
ropes,2
35k,2
wool,2
persuasion,2
toppings,2
lhw,2
discouraged,2
fillings,2
cozy,2
measuring,2
cools,2
strq,2
purity,2
porto,2
tying,2
untimely,2
voila,2
modeled,2
sections,2
lmaooo,2
incremental,2
tim,2
hortons,2
punctuation,2
frames,2
barbed,2
maintenance,2
gathered,2
electronic,2
disprove,2
contender,2
intentions,2
unconditionally,2
apologized,2
compatible,2
resigned,2
bugger,2
pdfs,2
bahahaha,2
attempting,2
jewel,2
doe,2
pledge,2
anecdotally,2
tackling,2
scarier,2
reopening,2
fictional,2
horrified,2
kiddos,2
theyll,2
kkk,2
jojo,2
unsubbed,2
bf5,2
midichlorian,2
lipstick,2
commentating,2
woof,2
inserted,2
spirited,2
guffawed,2
reclining,2
deed,2
84,2
derpy,2
swapped,2
rusty,2
dildo,2
television,2
waze,2
pleading,2
105,2
slid,2
protesters,2
nationalists,2
cubbies,2
caffe,2
cider,2
venus,2
visits,2
ctrl,2
dis,2
munt,2
lod,2
slowed,2
corny,2
15mg,2
rugs,2
goddamned,2
dashy,2
scump,2
franchises,2
prodigy,2
civilizations,2
renamed,2
babes,2
subscriber,2
eligible,2
deflection,2
mocked,2
dwelling,2
novels,2
microwave,2
backseat,2
libtards,2
allies,2
wireless,2
woot,2
contention,2
sci,2
strategies,2
stump,2
gottem,2
apathetic,2
bpa,2
memorial,2
barista,2
parlor,2
rambles,2
focuses,2
ff,2
sdlp,2
pact,2
intros,2
shoutout,2
kia,2
tribal,2
casinos,2
midway,2
vermin,2
select,2
fest,2
polarized,2
droves,2
deformed,2
precision,2
enthused,2
repeal,2
clears,2
restoring,2
breasts,2
tweeting,2
jabbing,2
crooked,2
snatch,2
tomatoes,2
hurling,2
sprinkle,2
queuing,2
walker,2
aav,2
portraits,2
almond,2
mantis,2
scholars,2
bitrate,2
distraught,2
venues,2
92,2
groan,2
slate,2
pedal,2
photographer,2
infact,2
crews,2
nationwide,2
fabulous,2
aquarium,2
twd,2
misogynist,2
beige,2
secks,2
tolerated,2
imposing,2
opiate,2
herd,2
pansexual,2
frick,2
fraction,2
criminally,2
cfb,2
investigated,2
lgd,2
strokes,2
supermax,2
5'1,2
pitchforks,2
adjustment,2
upheld,2
prosecutor,2
craves,2
tilt,2
shudders,2
205,2
dekalb,2
protests,2
readily,2
caffeine,2
underrate,2
cussing,2
invariably,2
crusade,2
farthest,2
populations,2
rugged,2
alarming,2
los,2
oscars,2
anchor,2
acl,2
ligament,2
smacked,2
tigres,2
incorrectly,2
eliminations,2
inclined,2
bandaid,2
usl,2
diablo,2
extinction,2
overturn,2
kayaking,2
globes,2
grazed,2
napalm,2
rudeness,2
writings,2
indicative,2
mitigate,2
dashers,2
antisemitism,2
extravagant,2
sticky,2
icy,2
gauge,2
unabashedly,2
markers,2
recognition,2
tablet,2
concentrate,2
checkmate,2
sinus,2
fleece,2
kaede,2
wedlock,2
marital,2
smokes,2
giggling,2
hashtags,2
shifts,2
bob,2
pier,2
creation,2
bucko,2
necrophilia,2
tempt,2
11th,2
2mm,2
damm,2
joes,2
joint,2
deforestation,2
preschoolers,2
melting,2
teamyoutube,2
honeslty,2
fleeing,2
measured,2
horray,2
asuka,2
fatlogic,2
purdue,2
thieves,2
diets,2
feint,2
smelled,2
expanding,2
filling,2
hardship,2
grats,2
miner,2
fraud,2
hmu,2
tuscaloosa,2
suffice,2
issur,2
insists,2
strive,2
protector,2
mixer,2
reelected,2
nothing’s,2
juniors,2
modest,2
rhythms,2
acknowledged,2
int,2
rbs,2
sector,2
stares,2
vie,2
credibility,2
meter,2
peanuts,2
psn,2
priced,2
gagging,2
tumour,2
verbally,2
motor,2
shitbird,2
kidney,2
embarassing,2
crowder,2
mmmmmm,2
scorched,2
healed,2
ravens,2
tread,2
neighbours,2
semichah,2
chabad,2
keto,2
heretic,2
cunning,2
ketamine,2
someplace,2
grandchild,2
rollercoaster,2
excel,2
proposal,2
islands,2
professor,2
loooong,2
ln,2
routing,2
indifferent,2
rbg,2
paradise,2
departure,2
shipped,2
mech,2
wittle,2
godspeed,2
myspace,2
stretching,2
entering,2
merit,2
grinder,2
worshipping,2
lw,2
iphones,2
kombucha,2
spreads,2
attribute,2
footprint,2
recommending,2
neigh,2
attachments,2
raided,2
justices,2
sling,2
kickers,2
shit's,2
zim,2
concepts,2
mk9,2
mkx,2
uncertainty,2
pitched,2
retort,2
trier,2
pg,2
costly,2
euthanasia,2
heavier,2
behaviors,2
somebody's,2
thug,2
underused,2
implant,2
positivity,2
whipped,2
screech,2
defecation,2
association,2
instruct,2
protagonist,2
gears,2
technique,2
presenter,2
specify,2
prerequisite,2
congressional,2
sterilized,2
profusely,2
ehh,2
7m,2
gatekeep,2
sirens,2
gras,2
npr,2
dm’s,2
stateless,2
envoy,2
relevance,2
ceremony,2
mbti,2
negatives,2
gardens,2
one’s,2
tests,2
abomination,2
orb,2
enslaved,2
thj,2
pts,2
beverages,2
parries,2
compelled,2
looming,2
snarl,2
yanking,2
howl,2
untouched,2
genes,2
scoreboard,2
saver,2
complications,2
convict,2
heritage,2
sleeve,2
export,2
slumping,2
patronising,2
confronted,2
4am,2
noticable,2
starfish,2
reminiscent,2
ahl,2
sheeple,2
poisonous,2
busting,2
puberty,2
shoving,2
published,2
similiar,2
genious,2
53,2
improves,2
torb,2
askreddit,2
bec,2
taunting,2
couldve,2
pricey,2
wtaf,2
contents,2
canuck,2
vaxxers,2
transported,2
uni,2
pedes,2
stamkos,2
firstly,2
secondly,2
yeesh,2
cornish,2
printer,2
reflex,2
menus,2
disturb,2
sg12,2
tequila,2
unconstitutional,2
bankruptcy,2
brewery,2
peanut,2
digit,2
49ers,2
boye,2
unsatisfying,2
ziip,2
dared,2
cummies,2
translucent,2
snowy,2
barefoot,2
pies,2
finances,2
cowardly,2
90df,2
exploration,2
delivers,2
nex,2
creepers,2
yous,2
forty,2
genetic,2
damnnnn,2
generational,2
shabbat,2
sorcery,2
biography,2
maid,2
rev,2
pastry,2
remorse,2
attributes,2
defect,2
upbringing,2
behaving,2
luggage,2
criticizing,2
engaging,2
wrongdoing,2
favoured,2
reform,2
browse,2
hedgehog,2
candles,2
foden,2
ministry,2
loony,2
imgur,2
dissapointed,2
brutality,2
diapers,2
violently,2
yoooo,2
cellulite,2
connecticut,2
horcruxes,2
gin,2
elk,2
gore,2
belittle,2
assessment,2
caucus,2
usable,2
doorway,2
olden,2
eyesight,2
sequitur,2
nair,2
prevents,2
benched,2
entertains,2
heartbeat,2
fournier,2
contraception,2
winger,2
sb2,2
planting,2
counted,2
aussies,2
prominent,2
resenting,2
mlp,2
compliant,2
kitten,2
neocons,2
indulged,2
godlike,2
who've,2
roots,2
cheque,2
grosses,2
hostess,2
downloading,2
awarded,2
biscuits,2
cakes,2
positively,2
envious,2
criminals,2
internets,2
barcelona,2
52,2
slapped,2
combover,2
cosplayer,2
embedded,2
causalchildabuse,2
peeves,2
nexus,2
smallpox,2
hush,2
expansions,2
mia,2
tetris,2
deluded,2
puzzle,2
shore,2
comps,2
puking,2
weighted,2
okc,2
deffo,2
2007,2
bettering,2
header,2
lonzo,2
reviewing,2
unapologetic,2
rpgs,2
eyelashes,2
torah,2
squads,2
integral,2
fir,2
hangry,2
whispers,2
emulator,2
lube,2
hitachi,2
wand,2
destructive,2
anatomy,2
staples,2
premature,2
prisoner,2
welding,2
torch,2
pulp,2
infections,2
overworked,2
grindr,2
pixel,2
timestamp,2
desired,2
escaped,2
dogma,2
glossed,2
separated,2
globally,2
kek,2
dug,2
numerical,2
elegant,2
passionately,2
isolation,2
awed,2
testament,2
strengths,2
contemplate,2
copper,2
leaky,2
rny,2
starcraft,2
n64,2
spouses,2
parse,2
bruised,2
hoop,2
su,2
proletariat,2
worldnews,2
weebs,2
katana,2
uyu,2
eg,2
aggressiveness,2
bop,2
inherited,2
tasteful,2
compilation,2
mantra,2
saturdays,2
builds,2
receptors,2
cabin,2
flawed,2
slump,2
00's,2
exploded,2
declining,2
handouts,2
hawk,2
frown,2
facto,2
lid,2
deletes,2
flattering,2
heaviest,2
cellphones,2
definitively,2
adversary,2
accessories,2
sizzle,2
youths,2
poe's,2
displayed,2
bend,2
snu,2
phx,2
who'll,2
molotov,2
xx,2
900,2
squeak,2
state's,2
daca,2
bathing,2
wta,2
brig,2
fished,2
wealthiest,2
judgmental,2
rookies,2
zinger,2
od,2
kpop,2
reel,2
nudes,2
chariot,2
slaving,2
safest,2
intimidated,2
spool,2
kangaroo,2
outlandish,2
83rd,2
percentile,2
meeeeee,2
razer,2
feat,2
trickle,2
campuses,2
checklist,2
alike,2
spells,2
themself,2
ire,2
indicating,2
hokey,2
sauerkraut,2
gooooo,2
sought,2
fingernails,2
wired,2
suburb,2
sigs,2
generalized,2
dwarfs,2
witnessed,2
dtr,2
sweating,2
flippant,2
hamberders,2
brokeback,2
scaled,2
grumpy,2
waiters,2
reunited,2
graduates,2
salaries,2
quoted,2
doh,2
fuzzy,2
worcester,2
guzzling,2
fe,2
rapper,2
sms,2
immersive,2
felons,2
frat,2
par,2
recovered,2
sparked,2
prohibited,2
femshep,2
interprets,2
gloom,2
sim,2
panda,2
erratic,2
homicidal,2
furiously,2
towel,2
haystack,2
visualization,2
loosing,2
minke,2
perfection,2
jimmy,2
poured,2
dhs,2
breach,2
penalties,2
ease,2
embarrassingly,2
finkle,2
einhorn,2
canoe,2
synonymous,2
scratchy,2
characteristic,2
dreamed,2
silicone,2
giggled,2
servants,2
fills,2
plagued,2
covering,2
proverb,2
recreate,2
shrimp,2
atl,2
cleric,2
payback,2
licenses,2
s2g,2
defeatist,2
undo,2
submissions,2
ajax,2
abathur,2
accordingly,2
scientifically,2
favorable,2
ddr,2
mattresses,2
kidnap,2
womens,2
removes,2
moist,2
milan,2
nb,2
fulfilling,2
corpses,2
teriyaki,2
overreacted,2
consecutive,2
thrill,2
ofcourse,2
appreciative,2
lebron,2
royale,2
publicize,2
prescribed,2
morbidly,2
toddlers,2
refugees,2
addicts,2
oasis,2
liquid,2
rotj,2
unsatisfied,2
aquaman,2
integrating,2
stickied,2
tow,2
bloodthirsty,2
squishy,2
overdue,2
rob,2
incredibilis,2
subscribing,2
camaraderie,2
sonny,2
antis,2
vernon,2
tags,2
shrug,2
justifying,2
interviewing,2
buffets,2
counterpoint,2
butcher,2
nasal,2
molecule,2
attire,2
mushy,2
signatures,2
byte,2
halakhically,2
inflammatory,2
prisons,2
prosthetic,2
otacon,2
bork,2
loathe,2
lynching,2
inflate,2
tin,2
foil,2
illnesses,2
gram,2
darkest,2
ape,2
fifa,2
kindred,2
marking,2
featured,2
penpal,2
harvestmen,2
spy,2
stg,2
barley,2
gnc,2
1mg,2
canisters,2
internship,2
ja,2
prostitution,2
tulsi,2
abductions,2
shaggy,2
tactical,2
pyd,2
hashtag,2
supermarket,2
riders,2
auschwitz,2
bixby,2
camper,2
packing,2
realises,2
circumcision,2
coercive,2
seasoned,2
hoover,2
pelicans,2
prejudiced,2
extremists,2
gasped,2
lucid,2
bombed,2
plastique,2
rainforest,2
permission,2
armpit,2
erected,2
gospel,2
verdugo,2
salaried,2
obj,2
allllll,2
cultivate,2
stl,2
plq,2
splyce,2
ralph,2
session,2
litterally,2
limes,2
newcastle,2
bard,2
du,2
thereof,2
panels,2
uncool,2
appreciates,2
predatory,2
chem,2
ranger,2
chu,2
divide,2
stacies,2
shelter,2
guild,2
gettin,2
births,2
miscarriage,2
trough,2
reset,2
variation,2
pushes,2
richmond,2
thrills,2
2020’s,2
hippo,2
bombing,2
moody,2
fuckton,2
auctions,2
snitches,2
cpr,2
industries,2
ascend,2
ganks,2
troom,2
cultists,2
towers,2
sugars,2
seeds,2
bootlicking,2
akron,2
duke,2
msu,2
preposterously,2
megathread,2
postage,2
dosage,2
endangering,2
rig,2
glitched,2
whooshed,2
huns,2
appearances,2
seinfeld,2
kiki,2
showers,2
moderating,2
vaseline,2
thumbnail,2
insomnia,2
raleigh,2
sanders,2
heretics,2
elephants,2
influenced,2
pb,2
jet's,2
blackmail,2
nintendo,2
stardew,2
greener,2
pastures,2
turret,2
metaphors,2
gunshot,2
douches,2
outgoing,2
blinked,2
butler,2
foster,2
vasectomy,2
kroger,2
statistically,2
robbery,2
ao,2
thrashers,2
madden,2
churches,2
tmor,2
nightclub,2
finite,2
sickening,2
livepd,2
3ds,2
gon,2
1918,2
bourgeoisie,2
backtrack,2
hectic,2
adidas,2
regime,2
whack,2
valentine,2
browser,2
rocking,2
corgis,2
decency,2
whitey,2
globalists,2
goldfish,2
summerside,2
booth,2
1v1,2
coordinated,2
predominantly,2
baited,2
dungeon,2
v3,2
9pm,2
dtw,2
7am,2
3pm,2
rests,2
robberies,2
kool,2
slacking,2
hq,2
1682,2
pornstars,2
foresee,2
seize,2
yepp,2
meditating,2
insights,2
neet,2
hindered,2
cd,2
baths,2
nebraska,2
societies,2
organ,2
snd,2
relive,2
dong,2
nop,2
daylight,2
commentaries,2
shanghai,2
seduction,2
blocker,2
fatter,2
skillfully,2
poppy,2
bombay,2
playtime,2
depraved,2
braid,2
fiancee,2
supernatural,2
thriller,2
tik,2
tok,2
panned,2
overblown,2
beirt,2
estimation,2
wept,2
scrape,2
bush,2
crusts,2
handheld,2
jungle,2
tempered,2
crowds,2
cyclist,2
rambo,2
stinger,2
ramp,2
flirt,2
broadway,2
conventionally,2
motivating,2
copied,2
98,2
pied,2
inexperienced,2
imperfect,2
broader,2
verses,2
gangsta,2
flashlight,2
oo,2
240,2
mayday,2
denies,2
coups,2
designated,2
archive,2
ll,2
fp,2
appropriation,2
redirect,2
atlantica,2
totes,2
cigars,2
vibrating,2
frequency,2
enlightened,2
iwobi,2
infatuated,2
sweety,2
amway,2
debates,2
knowitall,2
mamma,2
hulk,2
disorders,2
uncharacteristic,2
polygamous,2
lafc,2
dortmund,2
duis,2
principles,2
quantity,2
quarantined,2
coconut,2
sole,2
regretful,2
exploits,2
perfume,2
socialised,2
sealed,2
cautiously,2
loops,2
collision,2
ideology's,2
soos,2
schemes,2
unconfirmed,2
upgraded,2
hearsay,2
gank,2
vertical,2
prestige,2
mindful,2
complained,2
cheddar,2
rags,2
playmaker,2
scooping,2
155,2
formation,2
egregious,2
youd,2
quran,2
bojangles,2
murmur,2
bff,2
obvs,2
drain,2
buddy's,2
lanky,2
token,2
railed,2
gilded,2
aks,2
timer,2
noobs,2
refrain,2
literacy,2
185,2
copypasta,2
conditioner,2
lifted,2
meeeee,2
unprofessional,2
bl,2
dbd,2
nea,2
baloney,2
justifiable,2
shapes,2
purchasing,2
scousers,2
360,2
polar,2
vortex,2
gauntlet,2
remarks,2
belonged,2
faults,2
earnest,2
ongoing,2
what’d,2
bushes,2
leftovers,2
independence,2
175,2
impractical,2
vuc,2
sluts,2
soulmates,2
snot,2
banking,2
avalanche,2
shinys,2
truths,2
pertinent,2
environmental,2
rotting,2
espousing,2
underaged,2
cowardice,2
mocha,2
attendance,2
smoker,2
juju,2
looted,2
doorstep,2
ponytail,2
yas,2
icky,2
gfa,2
medieval,2
commons,2
yawning,2
dickish,2
belpedio,2
dehumanizing,2
winners,2
objectives,2
chop,2
farting,2
telegram,2
ringtone,2
overlay,2
slammed,2
drunken,2
glaring,2
diner,2
percentages,2
unfounded,2
nearest,2
justifies,2
12th,2
mumkey,2
500ms,2
heavies,2
subtly,2
pandering,2
texted,2
wasp,2
accustomed,2
kindle,2
quotation,2
informal,2
isla,2
hitman,2
hazelnut,2
relapsing,2
ww3,2
baddies,2
hatchet,2
hed,2
haphazard,2
detect,2
chaplain,2
silk,2
railing,2
challenges,2
decisively,2
don,2
men’s,2
latte,2
oversized,2
grammatical,2
cockles,2
disqualified,2
bets,2
youtubes,2
jok,2
gunst,2
limp,2
aches,2
rising,2
enlightening,2
pushback,2
mannequins,2
effecting,2
legged,2
quadruple,2
exemptions,2
jurassic,2
hallucination,2
coping,2
riled,2
asuelu,2
costumes,2
hacking,2
premiere,2
rocked,2
poppers,2
apologise,2
monthly,2
hmb,2
taliban,2
surveillance,2
achievements,2
interacting,2
logging,2
sidewalks,2
celebs,2
shortcomings,2
completly,2
venezuelan,2
slc,2
offices,2
overreaction,2
tails,2
pox,2
dyin,2
bunnies,2
antifa,2
meltdown,2
dominion,2
nurk,2
chased,2
inflated,2
disclaimer,2
rationalize,2
countrymen,2
abs,2
delightfully,2
beep,2
charismatic,2
immidiately,2
arby's,2
beaver,2
revealing,2
tights,2
substantially,2
smoothie,2
nbcsn,2
underwhelming,2
toner,2
scammer,2
hotdog,2
blankets,2
hon,2
heap,2
interior,2
ink,2
spaces,2
carver,2
closeted,2
braindead,2
shading,2
deployment,2
brotherly,2
aspiring,2
gamble,2
baptism,2
conception,2
plastics,2
hispanics,2
lurker,2
daredevil,2
vandalized,2
tunnels,2
nxt,2
neoliberal,2
amuse,2
copying,2
debtor's,2
examination,2
spear,2
explodes,2
dreading,2
indicted,2
invented,2
pd,2
dial,2
sharply,2
disappears,2
overlooked,2
communicating,2
overreact,2
historic,2
chuckling,2
powerplay,2
supremacy,2
ergo,2
emasculating,2
basterisk,2
bail,2
sighting,2
interrupting,2
lovejoy,2
phrases,2
rightly,2
infertile,2
giver,2
yearolds,2
worms,2
weighs,2
haunt,2
purchases,2
pubs,2
disguise,2
purging,2
tren,2
murders,2
strawmen,2
boooo,2
rekt,2
folding,2
ect,2
thang,2
brexiteers,2
reveling,2
intellect,2
probation,2
sizes,2
stared,2
confound,2
phony,2
amendments,2
bonfire,2
unimportant,2
squidward,2
exaggerating,2
nm,2
aesthetics,2
dysfunctional,2
ebt,2
perma,2
sideburns,2
idolizing,2
someones,2
slomo,2
teared,2
ky,2
lmaoo,2
pharmacy,2
thor,2
31m,2
stoicism,2
pencils,2
lipsticks,2
gruesome,2
hazy,2
suffered,2
khajit,2
spilled,2
obamacare,2
x'd,2
citadel,2
factually,2
racialized,2
certification,2
scout,2
sequels,2
infernal,2
milestone,2
chameleon,2
unsustainable,2
cliff,2
hmc,2
sow,2
hams,2
combust,2
earthers,2
repressed,2
septic,2
tunneling,2
alchohol,2
tabs,2
lifeless,2
muricans,2
charlotte,2
78,2
breeding,2
connotation,2
eugenics,2
wit,2
restraint,2
defenseless,2
retweets,2
victimized,2
stirs,2
dual,2
hairline,2
chivas,2
wounded,2
consequence,2
pony,2
dashing,2
where'd,2
headquarters,2
hyperbole,2
stove,2
resentful,2
merced,2
dashed,2
cmv,2
trunk,2
foolish,2
bungie,2
infinity,2
annihilation,2
flexing,2
negotiation,2
ruthless,2
genesis,2
powerhouse,2
daughter's,2
voodoo,2
66,2
immaturity,2
dfw,2
pessimism,2
bedside,2
wallpaper,2
legions,2
wales,2
solly,2
mcc,2
demographic,2
detectives,2
octopus,2
flairs,2
usd,2
blames,2
flamingo,2
trajectory,2
spoons,2
upgrading,2
china’s,2
weeping,2
3m,2
involvement,2
passage,2
distinctly,2
suv,2
recession,2
humping,2
crabbe,2
diffusion,2
luv,2
supplements,2
dagger,2
standalone,2
medals,2
whyyyyy,2
transfers,2
conceive,2
fumble,2
stereotyping,2
homelessness,2
facetune,2
crafting,2
meltdowns,2
redistribution,2
bitchy,2
narcissism,2
infamous,2
releases,2
prenup,2
mrw,2
misspell,2
mojo,2
thay,2
a50,2
extermination,2
lectures,2
lurkers,2
projections,2
accounting,2
metrics,2
whiter,2
hints,2
conviction,2
piercings,2
superfluous,2
jags,2
iii,2
awfulness,2
heaps,2
insipid,2
isco,2
recipes,2
co2,2
rally,2
adventures,2
cheeseburger,2
schadenfreude,2
jabba,2
ploy,2
curly,2
assign,2
melo,2
reddit’s,2
blasphemous,2
slander,2
scaring,2
districts,2
coalition,2
hahhaha,2
granny,2
gags,2
inviting,2
startling,2
aboard,2
wooshed,2
cretin,2
exclusives,2
mondays,2
infidelity,2
hoe,2
psychopath,2
backhanded,2
locations,2
grabbing,2
shortest,2
notebook,2
robin,2
definitions,2
applauding,2
cropping,2
glint,2
life’s,2
sanctuary,2
hrt,2
pillars,2
wildly,2
citing,2
romania,2
sophisticated,2
bab,2
strangest,2
grossly,2
veggie,2
wakes,2
margin,2
screening,2
overdrive,2
yhea,2
lineman,2
amin,2
springs,2
viva,2
diary,2
vista,2
snows,2
knob,2
specifics,2
crafty,2
nono,2
mash,2
pediatric,2
vices,2
daft,2
instructed,2
tactic,2
projected,2
rode,2
interventions,2
ds,2
determine,2
longtime,2
collaborated,2
underprivileged,2
tyrants,2
formulate,2
loli,2
zany,2
tolerant,2
debaters,2
ave,2
recommends,2
ancestors,2
lingering,2
blooming,2
whistles,2
politicalhumor,2
manning,2
groaned,2
carving,2
respective,2
fallacious,2
masses,2
legislators,2
cardboard,2
succeeds,2
messes,2
malevolent,2
jacked,2
scouts,2
commenters,2
nineties,2
guides,2
killie,2
reddit's,2
credentials,2
dissenting,2
crumbles,2
diamonds,2
rainbows,2
rva,2
clogged,2
jpeg,2
syndicalism,2
cigs,2
gathering,2
uninteresting,2
vinegar,2
optimal,2
unprepared,2
choosingbeggars,2
comedown,2
racked,2
babylon,2
neatly,2
haraam,2
gentleman,2
captivating,2
oohhh,2
porch,2
pebble,2
homies,2
daughter’s,2
eczema,2
surpassed,2
lamest,2
legalization,2
insidious,2
quantities,2
seduce,2
deformity,2
grunge,2
tennessee,2
elitist,2
barge,2
alberta,2
garner,2
hydrated,2
cent,2
delusions,2
lesser,2
transformation,2
nier,2
goodie,2
truer,2
tokyo,2
gks,2
prop,2
defenses,2
dweller,2
layer,2
congressmen,2
petrified,2
chickenpox,2
dabble,2
polluters,2
dregs,2
yoda,2
interfered,2
impactful,2
compensate,2
anecdotal,2
pecker,2
certified,2
x200b,2
p3,2
standardized,2
passport,2
suspense,2
sera,2
tourism,2
coolio,2
applauded,2
disgusts,2
financing,2
psg,2
misquote,2
chapo,2
mike,2
screamed,2
relies,2
capes,2
wilpons,2
feds,2
boondock,2
fixes,2
everybodys,2
badger,2
persuade,2
piggy,2
balling,2
warns,2
halifax,2
genres,2
misinterpret,2
bloom,2
cowgirls,2
10s,2
founder,2
distancing,2
natal,2
renew,2
dictators,2
scapegoat,2
hum,2
oww,2
layg,2
las,2
homepage,2
hamsters,2
breathtaking,2
matte,2
ken,2
trumpie,2
50mg,2
kraft,2
variations,2
hurty,2
nuge,2
yolk,2
gib,2
sub’s,2
taller,2
unborn,2
tru,2
margaritas,2
violin,2
rosetta,2
nonchalant,2
stitch,2
gnt,2
alias,2
kinks,2
fiscal,2
sharia,2
ballroom,2
uncles,2
leftover,2
familiarity,2
breeds,2
messaged,2
framing,2
display,2
aesthetic,2
abuser,2
cyborg,2
eli,2
ineffectual,2
broner,2
storytelling,2
clam,2
theist,2
unintentional,2
attributed,2
rabbids,2
scorers,2
auld,2
pahhh,2
heavens,2
titan,2
trusts,2
defencemen,2
pouliot,2
noses,2
withdrawl,2
seperate,2
uprights,2
shuts,2
drip,2
ryan,2
reappeared,2
backups,2
deprived,2
adept,2
brittle,2
storing,2
stoic,2
brakes,2
fudd,2
depicted,2
pension,2
toyota,2
characatures,2
pdx,2
averages,2
ak,2
grandfathers,2
preferably,2
arrives,2
businessman,2
seasoning,2
pitches,2
lus,2
ethiopian,2
manic,2
swtor,2
continent,2
accountable,2
clinical,2
eloquent,2
shampoo,2
rav,2
tourneys,2
minnesotan,2
96,2
malachor,2
ultimatums,2
nitpick,2
matinee,2
okie,2
isoing,1
peyton,1
anxiously,1
sleeptrain,1
stubbornly,1
harness,1
freezes,1
butchers,1
shaft,1
trifecta,1
t5,1
ttt2,1
fk,1
pettiness,1
kneel,1
sololander,1
hahahahha,1
svu,1
cradle,1
homecourt,1
cleavage,1
nature's,1
blasted,1
acura,1
intergul,1
latency,1
sensing,1
muggings,1
skynet,1
sickest,1
soulread,1
bandaging,1
why’s,1
oversharing,1
updooted,1
sours,1
subtlety,1
synopsis,1
landlady,1
alerted,1
kuss,1
ciao,1
bitcoins,1
fotos,1
aspergers,1
privileges,1
greyhounds,1
as4,1
s11,1
deluxe,1
ingest,1
operators,1
oracle,1
deagle,1
tousles,1
rowan,1
peng,1
sharpton,1
denotation,1
ghoul,1
grandparent,1
appalachia,1
perverse,1
rehabilitating,1
yeahhhh,1
handout,1
hybrid,1
stickshift,1
generates,1
newtubers,1
holdem,1
delirium,1
facemask,1
swiping,1
leftie,1
elbows,1
purgatory,1
dispenser,1
tihi,1
corsi,1
jellyfish,1
stung,1
aggieopoly,1
buzzkill,1
rejoining,1
workforce,1
dominatrix,1
pushy,1
waiter,1
addison's,1
suiderstrand,1
aghulas,1
tuesdays,1
meatless,1
meatcycling,1
geometric,1
patters,1
qaida,1
ahrar,1
lined,1
arsehole,1
8t,1
babcuck,1
lacked,1
director's,1
meeeeeeeee,1
nemo,1
146,1
laporte,1
impregnate,1
semen,1
klokslag,1
bellevue,1
bladder,1
alvalade,1
brainless,1
waffles,1
advertised,1
vindication,1
whoppers,1
lma0,1
vanguardism,1
judiasm,1
atf,1
dachshund,1
d'jango,1
refrigerators,1
quota,1
deride,1
caters,1
rescind,1
barreling,1
distributed,1
wastebasket,1
nightstand,1
disc,1
dude’s,1
queasy,1
defective,1
sssssssssssssssssssssssssssss,1
fiddish,1
architect,1
episoode,1
amateurs,1
nostrils,1
5x,1
appropriately,1
yesss,1
assalamu,1
alaykum,1
akhi,1
murderino,1
licence,1
yellowstone,1
appropriations,1
welded,1
remainer,1
goodnewsforwomen,1
lassie,1
tae,1
hippies,1
overwrite,1
predicament,1
ot3,1
gooferton,1
chatbox,1
filmé,1
nit,1
buckaroo,1
antsy,1
smurfs,1
democrips,1
rebloodicans,1
pentagon,1
cringes,1
catsup,1
ferals,1
enquiring,1
monte,1
instinctive,1
reflexive,1
242,1
bazooka,1
hooters,1
hardware,1
blockbusters,1
puerto,1
rican,1
chinook,1
everythingggggg,1
repacked,1
extinct,1
polarizing,1
poeling,1
colliding,1
godlish,1
bowler,1
hospitalised,1
tomlin,1
radiance,1
driver's,1
cmmon,1
yeahno,1
repaid,1
fueles,1
indecent,1
ethos,1
chucklefuck,1
mishap,1
sunburn,1
kmt,1
bort,1
fcuk,1
universally,1
tamaki,1
granville,1
sha,1
at'cha,1
deliriously,1
bowral,1
gorgeousss,1
ti,1
constituencies,1
vite,1
bango,1
boyfriend's,1
injustices,1
titanic,1
bollocks,1
2400,1
17hmr,1
lambasted,1
scrambled,1
chevre,1
cheerleader,1
notif,1
transparent,1
providers,1
aig,1
whatapp,1
devil's,1
xiv,1
byfar,1
indestructible,1
catgirl,1
explorers,1
chorizo,1
yeast,1
ricotta,1
normalized,1
surrogacy,1
irk,1
oj,1
netti,1
au,1
volcel,1
hydrocortisone,1
hershey,1
translations,1
illustrator,1
repairing,1
weep,1
tati,1
kombatants,1
mikans,1
requiem,1
abuses,1
eugh,1
mitigation,1
understated,1
inertial,1
enamoured,1
wankfest,1
expeditious,1
carbs,1
eban,1
wif,1
aht,1
ferk,1
lala,1
goshdarn,1
hunkish,1
securely,1
breathers,1
richtofen,1
hatet,1
treehouse,1
fathomed,1
aimlessly,1
validity,1
comprehensive,1
sbiii,1
excelsior,1
softest,1
narcotic,1
fuq,1
purifers,1
fireemblem,1
fates,1
layerd,1
chees,1
aand,1
deteriorating,1
wizardry,1
nicollet,1
minneapolis,1
capitalize,1
creators,1
daoc,1
incalculable,1
hyperinteligence,1
fmt,1
unattended,1
repainted,1
corrections,1
3oh,1
donair,1
ataae,1
imo's,1
tormented,1
pitchfork,1
gaslit,1
pressurize,1
cannonball,1
nate,1
remainiacs,1
clans,1
chessless,1
delays,1
maintained,1
390,1
ghoulish,1
pallor,1
federation,1
fics,1
slashes,1
italicize,1
takedown,1
condemnation,1
flopping,1
environmentalism,1
newlands,1
flyover,1
calzone,1
arranged,1
platters,1
asphalt,1
carcinogens,1
ownage,1
superbike,1
crumb,1
menat,1
steeler,1
herons,1
spoonbills,1
rounders,1
mordor,1
hereby,1
provoke,1
quack,1
craze,1
yang,1
lodestone,1
samsies,1
demon's,1
leach,1
concerts,1
houseparty,1
achilios,1
3a,1
hoody,1
spaceship,1
preamble,1
templates,1
chabot,1
q12,1
q70,1
psp,1
pointer,1
poet,1
dumbledoor,1
provision,1
halves,1
dislodged,1
304,1
northerners,1
sospaha,1
harlem,1
recked,1
goaltending,1
dosing,1
sinema,1
ancapistan,1
sneakier,1
av,1
accomplice,1
blondes,1
brunettes,1
separately,1
inroads,1
tossup,1
unilaterally,1
harry's,1
whaaaaaaat,1
haaaaa,1
idolise,1
blake,1
smudges,1
foreheads,1
uninspiring,1
canine,1
verrrrry,1
faking,1
passports,1
cashes,1
cheques,1
fundy,1
delphine,1
y'famous,1
manger,1
inspector,1
congestion,1
lads,1
tworedditorsonecup,1
tolling,1
burbs,1
qualifies,1
uhhhhhhhhh,1
intricacies,1
snob,1
indignant,1
dominating,1
upped,1
gulf,1
trp,1
jse,1
amass,1
saddos,1
yayyyy,1
enzyme,1
r6,1
vodacom,1
seagull,1
fap,1
doods,1
genoa,1
pedos,1
authoritarians,1
mutated,1
ayyyyyyyyy,1
oooooooohhhhnnnoooooo,1
budgie,1
pianist,1
materialized,1
deli,1
prez,1
salaam,1
shaitan,1
steadfastness,1
1s,1
laurels,1
overarching,1
oppressing,1
mummied,1
calculated,1
dulls,1
compulsions,1
ecf,1
emetophobic,1
lassaire,1
gemologists,1
glassy,1
frankfurt,1
ms3,1
dowmvoted,1
feelingnyour,1
shouldered,1
stabilize,1
irreparable,1
lengthy,1
doubted,1
disfigured,1
packard,1
4x4,1
showcasing,1
society's,1
plaintiff,1
admins,1
c1,1
tr,1
wards,1
capitalized,1
aderal,1
westminster,1
unaffordable,1
dorm,1
renovate,1
agon,1
carebear,1
injected,1
bloodstream,1
drowsy,1
primer,1
acuna,1
minivan,1
lickin,1
interventionism,1
casanova,1
agghh,1
pinkerton,1
badwomensanatomy,1
whirlpool,1
3more,1
porcelain,1
preservatives,1
wank,1
foursentencehorror,1
entries,1
allot,1
unproductive,1
tbag,1
donkeys,1
undateable,1
dateable,1
cadillac,1
ramps,1
suppressed,1
emmys,1
summarizes,1
waaay,1
2healthbars,1
pcmasterrace,1
huffed,1
formaldehyde,1
esa's,1
registry,1
verbs,1
playin,1
creek,1
sherriff,1
bunnell,1
gmc,1
shugoki,1
policeman's,1
rye,1
rhubarb,1
cookbook,1
posterboy,1
manchilds,1
eso,1
vu,1
wonderfulness,1
spoofed,1
212,1
gladiator,1
wooooshes,1
wooooshable,1
wooooshpaganda,1
implementing,1
limpdicked,1
haemorrhoid,1
hav,1
asperger,1
13k,1
traverse,1
wastes,1
revive,1
wiener,1
bells,1
dropback,1
grieve,1
constantinople,1
pushit,1
apologizes,1
grinning,1
skulls,1
tradable,1
retool,1
americans,1
explicit,1
banger,1
outsider,1
entwined,1
displacing,1
benches,1
cucumber,1
aaaaaaaaaaaaaahhh,1
gainfully,1
societal,1
naxxramas,1
wotlk,1
uhm,1
sebastian,1
ukpol,1
pores,1
volleyball,1
swastikas,1
970,1
sv,1
dangnabbit,1
helm,1
armored,1
visibly,1
recoiled,1
yapping,1
man’s,1
theological,1
murderers,1
augment,1
scribbled,1
protect’em,1
valhalla,1
hahahahahahahaha,1
1937,1
filet,1
mignon,1
sap,1
mommas,1
idles,1
councils,1
toupee,1
sativa,1
calms,1
customize,1
alliteration,1
geriatric,1
peds,1
plush,1
clearer,1
110,1
nhl19,1
ppr,1
residences,1
scaly,1
mindblowing,1
badmouthing,1
gf’s,1
640x480,1
chronicles,1
elyria,1
simmonds,1
highball,1
whatchu,1
william,1
hero’s,1
fruitcart,1
oughta,1
motorcycles,1
harleys,1
reframe,1
somerset,1
0001,1
rapp,1
kola,1
999,1
mutilations,1
seatbelt,1
socdems,1
beak,1
beaks,1
taxis,1
nefarious,1
baggage,1
prioritized,1
tbph,1
nl,1
epa,1
dupont,1
nonstick,1
protruding,1
stomachs,1
bartered,1
panhandlers,1
clu,1
sive,1
kombaaaaat,1
latex,1
10001,1
blanks,1
simulate,1
mainsource,1
damndest,1
outsourced,1
fal,1
juvenile,1
agsin,1
cutthroat,1
kratom,1
unimaginable,1
marla's,1
thrift,1
lanolin,1
emollient,1
occlusive,1
trenches,1
alderman,1
intoxicated,1
supposes,1
slag,1
squatting,1
gouge,1
tvt,1
stumped,1
hopped,1
accredited,1
carta,1
potheads,1
iitt'ssss,1
highhhhh,1
noooooooonnn,1
aflw,1
slugging,1
gad,1
mauston,1
monticello,1
reacts,1
guarding,1
talkin,1
hordes,1
hypercompetent,1
valor,1
traversing,1
himiko,1
subban,1
memeable,1
thibs,1
stubbornness,1
staffers,1
boobi,1
buffs,1
zen,1
spaghettis,1
purview,1
congratulatory,1
thy,1
rubs,1
flashed,1
southwest,1
idaho,1
wilderness,1
italicizing,1
incumbency,1
oscar,1
renewed,1
charlotsvile,1
attacker,1
bigotryer,1
decisive,1
yeeeet,1
restroom,1
hiya,1
contagious,1
bnw,1
scarily,1
snowbank,1
funsies,1
downvite,1
salarian,1
deceiving,1
scuba,1
diving,1
reroll,1
scruffy,1
smoothe,1
yeqpnsaved,1
robbers,1
swindlers,1
takeaway,1
influential,1
willy,1
a's,1
lan,1
monks,1
keyboards,1
switches,1
nkro,1
suguesstions,1
sticked,1
tenacity,1
salem,1
999999999999999999999999999999999999999999999999999999999999999999999999999999999999999991000000000000000000000000000000000000000000000000000000000000000000000000000000000000000000000000000000000000000000000000000000000000000000000000000000000000000000000000000000000000000000000000000000000000000000000000000000000000000000000000000000000000000000000000001234567898765432345676543345678987654345678909876543234567898765432345678909876543234567898765432345678987654323456787654345676543456543456434543434343434323456765434567654323454323456543345678987654323456789876565656565656565656565656565454545654565454323456765432345678765456,1
ferrari,1
uva's,1
salmonblue,1
detrimental,1
livelihood,1
margins,1
fanfiction,1
victors,1
paygo,1
deficit,1
nibbas,1
wegman's,1
tolerances,1
cla,1
231652,1
reproach,1
denmark,1
wines,1
ultimative,1
ds9,1
phillies,1
crickets,1
misguided,1
niagara,1
fines,1
hardhomme,1
unbeleivable,1
juke,1
blur,1
lessened,1
instrumentation,1
ramos,1
robles,1
specially,1
wasteful,1
roshi,1
snowed,1
iced,1
wholesomeness,1
wetland,1
degraded,1
shouts,1
dumbness,1
plowing,1
fateful,1
volibear,1
thunderlord,1
voli,1
thunderstruck,1
reels,1
absorbed,1
clearance,1
icels,1
emo,1
2v2,1
ayy,1
ancaps,1
evaders,1
stargazing,1
vi,1
30g,1
nnevada,1
nv,1
echr,1
wastefully,1
expenditures,1
roaring,1
liabilities,1
ugliness,1
60gal,1
interestingly,1
sensitivities,1
funwaa,1
neysayers,1
spammers,1
susbscribed,1
wimbledon’s,1
perpetuated,1
horned,1
apprehensive,1
staining,1
kontrol,1
freeks,1
tw,1
broskies,1
marble,1
reconnect,1
bloodpoints,1
legislatively,1
bonded,1
airplane,1
suh,1
ephemeral,1
deteriorates,1
lifetimes,1
shrunk,1
tsunderes,1
multitude,1
splash,1
nebulous,1
coconuts,1
betfair,1
staking,1
gtfoh,1
pseudo,1
fearing,1
spasms,1
convulsions,1
buffalos,1
filets,1
congeal,1
gloat,1
simmering,1
tanned,1
n’t,1
midnight's,1
ethtrader,1
thrusting,1
stems,1
splashback,1
fron,1
bawled,1
unhave,1
nremt,1
tsas,1
sincerer,1
arabic,1
hashishiyyin,1
assassinus,1
din,1
revelation,1
edmunds,1
detract,1
lancaster,1
privately,1
terraces,1
pensacola,1
deregulating,1
ssbu,1
barbeque,1
h265,1
yifi,1
acs,1
eztv,1
heteronormativity,1
eviction,1
thanos,1
royce's,1
waymar,1
bloomer,1
attorneys,1
team’s,1
marlins,1
forests,1
ashtray,1
pyramid,1
vastly,1
crabs,1
quirk,1
morton,1
snaked,1
teleported,1
smashy,1
insecurely,1
tooooo,1
sporting,1
yaz,1
pmdd,1
biohazard,1
origami,1
nato,1
refreshed,1
adhered,1
smallville,1
roundtable,1
madhouse,1
frizzle,1
stiil,1
inflict,1
reconnected,1
jetpacking,1
xylophones,1
mousepire,1
pyre,1
slavated,1
condos,1
tremor,1
ermac,1
spastics,1
ae,1
antibiotic,1
bacterial,1
okra,1
waitaminute,1
blacks,1
groening,1
bluepundit,1
lawmakers,1
dismembering,1
geeks,1
404,1
oilfield,1
f'n,1
smok,1
weirds,1
god’s,1
pinot,1
grigio,1
viv,1
gouging,1
spurred,1
endorsing,1
indisputable,1
usajobs,1
hbk,1
bgs,1
militarized,1
adapt,1
drs,1
bohemian,1
rhapsody,1
charted,1
yesturday,1
easly,1
ladyburn1974,1
20th,1
portions,1
sanitizer,1
jewishness,1
halakha,1
mashed,1
gravy,1
midfield,1
slicing,1
valyrian,1
daenerys,1
seeded,1
adamtots,1
busdriver,1
yokels,1
ridiculing,1
copa,1
lethargic,1
aficionado,1
readers,1
disengagement,1
berry,1
bigoteering,1
puffing,1
excludes,1
acrimony,1
adipose,1
flammable,1
tshirt,1
jajaja,1
earhole,1
hex,1
thebstreet,1
rts,1
hubbah,1
smirk,1
casey,1
gamethreads,1
flagellation,1
prototypical,1
leakage,1
quadriga,1
gunner,1
credits,1
shew,1
fft,1
fooling,1
penquin,1
russiagate,1
whistleblower,1
postion,1
arges,1
edh,1
boooooooo,1
overvalues,1
aesthetically,1
worldviews,1
reloader,1
2000rpm,1
30mm,1
shells,1
depicts,1
punchable,1
unwell,1
draggy,1
doodle,1
watson,1
tmc,1
sacrificed,1
fortunes,1
rubies,1
librals,1
25th,1
negligible,1
wednesday’s,1
jane,1
fitness,1
dats,1
lmgs,1
31977192,1
conciousness,1
ejaculated,1
paganism,1
viking,1
hellenism,1
devour,1
gateway,1
pundit,1
humane,1
euthanizes,1
impaired,1
shg,1
mishearing,1
staunch,1
patricia,1
platonic,1
heerengracht,1
8000,1
moronphobia,1
bulgaria,1
astroturfing,1
certificate,1
bishops,1
axedwarve,1
fpta,1
skirts,1
tiniest,1
azusa,1
partnership,1
constellations,1
goons,1
inexplicably,1
awoken,1
slapshots,1
davis,1
werner,1
yeet,1
clocking,1
hawick,1
clockwork,1
hmmmhmmm,1
abled,1
baseman,1
redzone,1
interception,1
denali,1
megaman,1
napoleon,1
polo,1
barometer,1
envelope,1
5'11,1
enabled,1
ckth,1
frink,1
faceee,1
oi,1
1523648856,1
overjoyed,1
rune,1
crashes,1
livonia,1
anthropology,1
exterminating,1
deactivate,1
sicknesses,1
burdens,1
reijka92,1
volunteers,1
reinstatement,1
lausd,1
transgression,1
forthcoming,1
stauncly,1
seizing,1
taunts,1
possessions,1
jumpers,1
tabletop,1
occupied,1
occupies,1
looney,1
outro,1
redirected,1
montages,1
mexico's,1
tikka,1
marinaded,1
garam,1
repairable,1
boogaloo,1
suckle,1
tyt,1
penmanship,1
heff,1
septuple,1
showtime,1
6ft,1
1in,1
160s,1
lineage,1
zerocarbers,1
oust,1
mavericks,1
camels,1
infest,1
armpits,1
toleramce,1
duluth,1
handler,1
offerings,1
butch,1
stomped,1
kerb,1
birdy,1
heinz,1
excommunication,1
socialized,1
compulsory,1
subsist,1
clergy,1
gronk,1
iy,1
woild,1
shyster,1
taxidermised,1
cobbler,1
portrait,1
throne,1
uranium,1
unscandal,1
inbev,1
tearful,1
courtyard,1
persuasive,1
fellar,1
demograohic,1
lanef,1
frankness,1
halved,1
sbarro's,1
tenderloin,1
feminazis,1
quadrants,1
allianz,1
crossbow,1
mozzarella,1
tennas,1
rife,1
craic,1
heineken,1
dinged,1
6lb,1
kentucky,1
ached,1
trumpet,1
bumpy,1
confessed,1
thwarted,1
negligent,1
debatably,1
logically,1
disregarded,1
hymn,1
admits,1
ttc,1
alarmed,1
estranged,1
indecisive,1
undressing,1
sissy,1
sacramento,1
competitiveness,1
emailing,1
shitbag,1
cruiser,1
0mg,1
chambers,1
cursor,1
ingrowns,1
cabaret,1
reflecting,1
truereddit,1
vaxer,1
rng,1
dispatch,1
backlog,1
wonky,1
enlightnen,1
opioid,1
ailments,1
extrapolate,1
branding,1
lawless,1
schwinn,1
agnosticism,1
yuk,1
airing,1
orthodontist,1
zoetrope,1
munchausen,1
coats,1
caveat,1
offyear,1
trussing,1
brokenmachine,1
ticks,1
abby,1
wabbies,1
2030,1
chow,1
craggy,1
poot,1
gtk,1
bravorealhousewives,1
parra,1
redpiller,1
fetichism,1
overcooked,1
squish,1
trapper's,1
wraith's,1
thinner,1
aspirin,1
petted,1
feather,1
disgraceful,1
anorexia,1
vewy,1
pwoud,1
clarifies,1
spacedicks,1
elevated,1
huntington,1
rollies,1
picard,1
kirk,1
renowned,1
versatility,1
lords,1
woodsticks,1
helpfull,1
tyre,1
nord,1
wife’s,1
richardson,1
gurps,1
rooosaa,1
rosaa,1
unscathed,1
new's,1
watcher,1
generstion,1
shoved,1
bahamas,1
l1,1
r2,1
l2,1
windex,1
goldmine,1
pulisic,1
empath,1
outings,1
hundredth,1
promo's,1
subterfuge,1
sorting,1
establish,1
regionalized,1
absolves,1
testers,1
joyful,1
premiers,1
legalisation,1
dictator's,1
whhhattttt,1
72hrs,1
childless,1
cloudy,1
outvalue,1
carted,1
720,1
grenades,1
youtube's,1
timmy,1
ublock,1
ghostery,1
thumping,1
slimes,1
kt,1
penínsulas,1
represses,1
moderator,1
gooooood,1
rightist,1
idealogies,1
favortist,1
sparing,1
mined,1
orphaned,1
unsuccessful,1
txns,1
breadtube,1
selloboy,1
11pm,1
fecking,1
lazyman,1
wwhl,1
illustrated,1
chilled,1
inmediately,1
jockey,1
langage,1
semis,1
dragopolis,1
23rd,1
hoooome,1
polluted,1
establishes,1
nutty,1
surecwhat,1
kashmiri,1
punjabi,1
cherrrryyyyy,1
longshot,1
inspirational,1
sinsegae,1
entrepreneurship,1
tehehehehehehe,1
indictable,1
brian,1
stalingrad,1
weekday,1
intercourse,1
anathema,1
foooooooor,1
shadowing,1
melon,1
ballsack,1
happinesses,1
aaah,1
zucchini,1
enraging,1
rl,1
traces,1
beaus,1
gedmatch,1
pepperoni,1
schnapps,1
tpusa,1
prospector,1
amtrak,1
prego,1
wildfire,1
yidish,1
televised,1
hereafter,1
bikini,1
animosity,1
expanded,1
mineral,1
penultimate,1
aaaaaaaaaaaah,1
respectability,1
ref's,1
pesto,1
unanimous,1
grinderdates,1
descriminate,1
cheapens,1
stressors,1
ltc,1
aaahhhhhh,1
responsability,1
nausea,1
hahaan00b,1
apollo,1
loco,1
geordi,1
meniscus,1
veal,1
bitchhhhh,1
situationally,1
talents,1
azmo,1
paddy's,1
edging,1
obscurity,1
discrepancy,1
thighs,1
money's,1
dril,1
handily,1
determining,1
genocidal,1
ex’s,1
vapor,1
shelling,1
blasts,1
jargon,1
144hz,1
dunce,1
dribbles,1
softly,1
scandalous,1
ng,1
swallowing,1
rephrased,1
dolphinetly,1
porpoise,1
quarterback,1
bachelors,1
subbing,1
scaredy,1
evennabout,1
honorary,1
complainers,1
preemptively,1
isu,1
conundrum,1
buttlicker,1
ninety,1
breathed,1
somenbjorn,1
wireshark,1
discord's,1
vas,1
deferens,1
lamar,1
margs,1
iconography,1
bonkerballs,1
overprepared,1
lovee,1
mazzy,1
lynwood,1
foreigner,1
communications,1
apa,1
sensationalize,1
cinematographer,1
182,1
lukes,1
trama,1
1749485,1
didn,1
refractory,1
givining,1
soaked,1
debateable,1
russias,1
algeria,1
compton,1
rinsing,1
toothpick,1
entree,1
bruv,1
reigning,1
delsym,1
utkar22,1
maa,1
wwes,1
eft,1
evangelicalism,1
theyve,1
risqué,1
eggman,1
child’s,1
tyvm,1
intends,1
outlast,1
korrk,1
straits,1
prooobably,1
orochi,1
ironclad,1
hangul,1
mercenaries,1
1122,1
aaaagghhh,1
paced,1
gtao,1
osrs,1
inglorious,1
basterds,1
wholey,1
spiral,1
tariff,1
ark,1
brim,1
blockage,1
p2pkh,1
figuratively,1
bdo,1
gigiddy,1
disordered,1
morse,1
crouching,1
oponent,1
5pm,1
lisburn,1
credential,1
joaquin,1
dep,1
seeya,1
yuuuuuuuuuup,1
speeches,1
unindicted,1
conspirator,1
normalcy,1
youngish,1
40’s,1
skripal,1
tmor's,1
snoo,1
mums,1
ditalite,1
hv,1
violnt,1
consultation,1
lethals,1
surrender,1
googles,1
bangle,1
declaring,1
whory,1
covina,1
iowa’s,1
mindblowingly,1
duder,1
shallower,1
booo,1
woth,1
meming,1
oreos,1
draw’s,1
revere,1
dumbster,1
strings,1
entendre,1
unsavory,1
comparisons,1
router,1
tiara,1
pube,1
commemorating,1
anuses,1
ooohh,1
autumn,1
munson’s,1
simoniz,1
britsovcit,1
pinched,1
identified,1
gyaru,1
stinkin,1
ahhhhhh,1
brodie,1
knack,1
darkseid,1
orc,1
barbarian,1
alleged,1
vardos,1
imatotalpieceofshit,1
jolex,1
grated,1
kev,1
ooook,1
generated,1
resounding,1
drenched,1
deiaa,1
7k,1
bursts,1
somone,1
rol,1
ovr,1
yyyy,1
expressly,1
splendorinthetrash,1
frego,1
perceive,1
monsanto,1
nervously,1
contextttt,1
contentless,1
eyeing,1
overshadowed,1
newborns,1
silliness,1
10m,1
elsagate,1
imdb,1
touche,1
goldmines,1
prowess,1
nod,1
deranked,1
trance,1
techno,1
ams,1
dildos,1
argentinian,1
manequin,1
brownlow,1
ghrok,1
intresting,1
ducker,1
mapgen,1
inshot,1
repairs,1
cocktail,1
literature,1
raddus,1
prevented,1
holdo's,1
qol,1
matress,1
soothing,1
bungle,1
geocities,1
refresh,1
theeeeeese,1
karl's,1
vip,1
afar,1
gusgasm,1
troubled,1
pasts,1
misandrist,1
counteract,1
habitual,1
flawless,1
billy's,1
gto,1
scattered,1
popsicles,1
saber,1
omniscient,1
individualistic,1
communal,1
marrow,1
63,1
sag,1
dwig,1
cinders,1
threading,1
necaxa,1
postponed,1
jornada,1
fuckbois,1
erm,1
finnish,1
spitz,1
unsettled,1
tuxedo,1
pudgier,1
ptr,1
peruse,1
mb3,1
replaces,1
wcs,1
macy’s,1
dislocates,1
wuz,1
abaot,1
tha,1
brothur,1
anthropological,1
unlearn,1
transcripts,1
unloved,1
shoppers,1
chillicothe,1
unread,1
cuse,1
cycled,1
uncontroversial,1
fondness,1
yeeesss,1
179,1
proccess,1
succeded,1
misrepresenting,1
publication,1
umbrella,1
lbr,1
blooded,1
tactically,1
ragnarok,1
monarch,1
transvestite,1
propensity,1
modem,1
loui,1
hammers,1
porsche,1
wooah,1
antisemitic,1
punpatrol,1
boise,1
brandishing,1
egged,1
celes,1
nest,1
decorate,1
jamaica,1
02,1
reasona,1
driveway,1
matcha,1
frapps,1
molcajete,1
khl,1
dismantle,1
fungus,1
demagoguery,1
typhoid,1
dorcos,1
upong,1
prosser,1
asp,1
baton,1
klingon,1
flinched,1
lamb,1
duping,1
partying,1
crossposting,1
caleb,1
taped,1
firework,1
mortar,1
spawned,1
staffer,1
rateme,1
bds,1
conflated,1
coughing,1
actully,1
untalented,1
errant,1
stepmother,1
tage,1
wonderlic,1
tickled,1
conclusive,1
1988,1
recitation,1
invalidates,1
privilges,1
punking,1
mayweather,1
pcos,1
exhaustion,1
amenable,1
adc,1
chaox,1
sipping,1
flask,1
bowness,1
doomfist,1
sunfan,1
caster,1
fencing,1
riverside,1
1993,1
highline,1
lmfaooooo,1
forbidden,1
aura,1
hipsters,1
ornacia,1
vsauce,1
fecker,1
pantie,1
preliminary,1
flinches,1
yeezys,1
lopsided,1
pottery,1
bestie's,1
brooks,1
ngo's,1
counterparts,1
rammed,1
phytoestrogen,1
negate,1
solids,1
smegging,1
scrolls,1
exs,1
evan,1
honies,1
gubment,1
congree,1
masked,1
fooking,1
fockin,1
japester,1
podracing,1
middlebury,1
resumé,1
unites,1
unspeakable,1
scientifical,1
cokes,1
achieving,1
morphe,1
closures,1
priority,1
mukbang,1
blower,1
watn,1
legislative,1
falsify,1
everton,1
leicester,1
bernout,1
potomac,1
how’s,1
oneitis,1
shitpile,1
huges,1
recruiting,1
underwhelmed,1
ballistic,1
benchys,1
ratemes,1
japandroids,1
hangovers,1
volantis,1
deductions,1
sro,1
2001st,1
nyaw,1
ochils,1
clackmannanshire,1
whisky,1
tigger,1
amlooking,1
certinetly,1
scandinavian,1
cheeeifffff,1
fiver,1
dormant,1
winrates,1
boast,1
sseason,1
bountygate,1
gesturing,1
organically,1
disloyalty,1
tots,1
cdcs,1
skinner,1
butterflied,1
nora,1
satellite,1
slogan,1
oooooooooo,1
slipping,1
verdad,1
panameňo,1
assigned,1
transparency,1
ewgh,1
espionage,1
doctrine,1
tke,1
tau,1
kappa,1
epsilon,1
cincy,1
reywalker,1
manual,1
contraindicated,1
straightened,1
surv,1
vig,1
kinder,1
retracts,1
jailed,1
deplorable,1
trumptards,1
calamari,1
weld,1
cottage,1
ferrah,1
rarity,1
cockatoos,1
lofi,1
nerfing,1
pfas,1
sparingly,1
customer's,1
watermelons,1
laziest,1
brightly,1
35kg,1
quivering,1
objection,1
crys,1
entre,1
repealed,1
frothing,1
overs,1
staffing,1
moustache,1
protectiveness,1
similarities,1
embittered,1
pearling,1
rab,1
nested,1
preposition,1
eigher,1
scarce,1
shrewd,1
superiority,1
cleans,1
zookeeper,1
estee,1
lauder,1
devoin,1
womands,1
endzone,1
usurp,1
spirituality,1
thingies,1
tobin,1
louisiana,1
stations,1
16oz’s,1
daiquiris,1
impacting,1
separating,1
111,1
deport,1
seekers,1
sugarplums,1
reinhart,1
cliché,1
firecracker,1
homophobe,1
garrosh,1
sfgate,1
handfuls,1
lacy,1
evens,1
gardnier,1
scrunched,1
leftwing,1
dwight,1
programer,1
ulta,1
swatch,1
nooooooooooo,1
qa,1
miracles,1
honouring,1
billy,1
electricity,1
takers,1
komodo,1
blend,1
whomever,1
pulse,1
eyesocket,1
initiatives,1
dookie,1
scan,1
unblinking,1
tippr,1
kap45,1
battlestar,1
galactica,1
closeteverything69,1
dingy,1
x4,1
edd,1
eddy,1
articulacy,1
medley,1
salesperson,1
yeaaahhh,1
blushes,1
merlinus,1
capfriendly,1
anzac,1
menzingers,1
gushed,1
grille,1
lemmon,1
tucson,1
traffickers,1
affirmation,1
environmentalists,1
checkmated,1
nuthuggers,1
alluded,1
junko,1
sortable,1
sorosbux,1
tlic,1
nickelodeon,1
stardom,1
avgn’s,1
purporting,1
seminarian,1
disperse,1
hackysack,1
308,1
mw4,1
wtfdik,1
alledge,1
colludes,1
100's,1
swinger,1
player's,1
malls,1
postseason,1
pwned,1
saviour,1
charlie,1
grieving,1
molester,1
moo,1
icos,1
ceased,1
ammunition,1
kingmaker,1
malfunctioned,1
huddersfield,1
inexcusable,1
kneejerk,1
chuseok,1
inventors,1
hurrrr,1
joe’s,1
crating,1
neh,1
rallying,1
5mm,1
morphed,1
peaches,1
apprentice,1
beeb,1
bpm,1
rpm,1
cyclones,1
whitetail,1
omit,1
sensation,1
mastification,1
cornerstone,1
jericho,1
siren,1
stuka,1
apostle,1
30ish,1
crossfit,1
undiagnosed,1
hellish,1
woodhaven,1
25min,1
undecided,1
hurtful,1
sportz,1
bish,1
wheeere,1
robidas,1
outlines,1
prophesies,1
rebinge,1
erin's,1
trumpkin,1
tics,1
neurotransmitters,1
ringing,1
earring,1
crooks,1
definetley,1
ritalin,1
forecast,1
danganrompa,1
humiliated,1
facepalmed,1
clamshell,1
clamp,1
contraindication,1
resuscitative,1
thoracotomy,1
undercrackers,1
begets,1
despot,1
briefcases,1
pregame,1
windy,1
refold,1
youareapooptard,1
conjecture,1
gpu,1
gorgon,1
wurm,1
telus,1
koodo,1
fido,1
realest,1
dissect,1
fanfare,1
notebooks,1
legible,1
parkway,1
ornaments,1
antwaarps,1
unwelcome,1
chia,1
spitballing,1
counselors,1
obgyn,1
boomhauer,1
apparantly,1
farmer,1
roundup,1
psychedelic,1
imprinting,1
unrepentant,1
alchoholic,1
tithings,1
gambol,1
shroud,1
gunchucks,1
snipers,1
stainless,1
snowballs,1
8x8,1
trams,1
momforaminute,1
nona,1
mia’s,1
esplanade,1
ovulation,1
ooofffhh,1
stealthy,1
2019’s,1
musicals,1
geek,1
unorginal,1
excellently,1
endlessly,1
dictionaries,1
nouns,1
moveset,1
retributionist,1
rbed,1
deactivated,1
gx,1
08,1
vandalism,1
enters,1
filed,1
dumpling,1
pizzas,1
upward,1
blissfully,1
polygrumps,1
molested,1
sailed,1
noveau,1
riche,1
rudest,1
hvac,1
regimen,1
appendages,1
eeew,1
cite,1
infographics,1
perfects,1
captioning,1
xcept,1
smurt,1
exceptional,1
showerthoughts,1
vex'd,1
substitute,1
beauties,1
sasha,1
velour,1
singularity,1
bashed,1
contenting,1
lucked,1
uptick,1
oath,1
rages,1
innocuous,1
septa,1
trenton,1
consisting,1
trewdat,1
cinnamon,1
lifestyles,1
meltzer,1
folds,1
groin,1
badmouthed,1
nul,1
utters,1
gradually,1
tonic,1
yaw,1
zullily,1
smokin,1
marth,1
stocked,1
fetishizes,1
insulated,1
unfulfilled,1
starred,1
predated,1
analogues,1
nutmegger,1
tgr,1
crazies,1
there’re,1
hawt,1
heathens,1
gotchu,1
hereticals,1
cegep,1
standoffish,1
hydraulic,1
huzzah,1
worrisome,1
mgtowness,1
personhood,1
indulging,1
jarring,1
eliminaysh,1
ions,1
recruiter,1
communicator,1
apprehension,1
rector,1
ghostbusters,1
carson's,1
arrogance,1
cusp,1
visions,1
boogyman,1
thingy,1
marquee,1
athleticism,1
coach's,1
subset,1
shity,1
aerosvision,1
vodoo,1
obtained,1
habayis,1
contextof,1
psalm,1
larceny,1
everafter,1
blabbering,1
warfare,1
permitted,1
suctioning,1
now's,1
abruptly,1
alpro,1
rattle,1
50s,1
inflammation,1
ejection,1
sardonicast,1
bruhhh,1
50c,1
borrows,1
replicate,1
shadowbanned,1
cancelling,1
snagglepuss,1
tryouts,1
casted,1
mauve,1
publicized,1
definatly,1
xsara,1
picassos,1
sti,1
freestyle,1
violins,1
incendiary,1
controversy,1
mudede,1
ello,1
vietnamese,1
viet,1
fists,1
lebronlover23,1
discretion,1
millennium,1
shrill,1
earning,1
wiggs,1
mollycoddle,1
enlargement,1
outrageously,1
harpies,1
snakes,1
supercuts,1
schmancy,1
diverges,1
tortures,1
newbie,1
shooooulderrrrr,1
atbge,1
lolicon,1
riveting,1
cultured,1
pizza'd,1
weighed,1
62k,1
burdon,1
adhere,1
huggles,1
rumbling,1
balancing,1
phonetic,1
alphabets,1
nationalist,1
227,1
912,1
burnitdown,1
nobodyissafe,1
shapeuporshipout,1
karate,1
pokimane’s,1
binch,1
snooping,1
technica,1
ar3bt,1
tdee,1
whyweretheyfilming,1
binders,1
alfbrushjansbysy,1
ecourage,1
themsleves,1
pane,1
nba's,1
cp3,1
invertebrates,1
torturing,1
equalizer,1
seeig,1
celebrations,1
misinterpreting,1
foxes,1
oatley,1
itl,1
beagle,1
stray,1
crescent,1
maliciouscompliance,1
eagerly,1
looool,1
abstaining,1
delving,1
minutiae,1
stc,1
cohorts,1
cyvasse,1
delude,1
dreamy,1
schmuk,1
caretaker’s,1
swelling,1
yeste,1
saod,1
isil,1
homestar,1
vcrs,1
marches,1
mutt,1
neeeeeews,1
autoplay,1
condemning,1
themall,1
shifty,1
herring,1
ross,1
sfist's,1
ambitions,1
jsimms,1
sendddinggg,1
storylines,1
jpeged,1
preventing,1
memery,1
aptly,1
fuuuuuuuuck,1
1900,1
danites,1
superhot,1
introverts,1
mace,1
falsely,1
probobly,1
hadoken,1
fireball,1
zoning,1
hauty,1
gametime,1
wpuld,1
freesync,1
nvidia,1
ion,1
commen,1
prudishness,1
rabbi,1
bandana,1
naa,1
omw,1
abbreviation,1
jackhammer,1
recast,1
wshl,1
pua,1
bookluvr83,1
bandwagon,1
adderrall,1
suppressant,1
kuwtk,1
wtfr,1
maddox,1
plutocracies,1
felonious,1
snorted,1
adamsmith,1
commands,1
ginch,1
koop,1
crochet,1
dealth,1
doorknobs,1
vanillas,1
ethereal,1
anarchist’s,1
leavers,1
3h,1
hunch,1
bodysuit,1
kalorie,1
excusable,1
douchey,1
geocentric,1
cobble,1
shotting,1
22lr,1
shotty,1
ohip,1
pittsburgh,1
152,1
eva,1
sanitary,1
wd40,1
cummonists,1
refurbished,1
dandelions,1
thomas,1
radom,1
benevolent,1
thier,1
var,1
simulation,1
bball,1
p4,1
wilful,1
nitwit,1
g6,1
shortsighted,1
149,1
coffe,1
chillis,1
binary,1
nazi's,1
newington's,1
nationally,1
jethro,1
meowboys,1
exhausts,1
trant,1
trants,1
toasted,1
subtext,1
footnote,1
50's,1
houseguest,1
tailored,1
nudge,1
brainlet,1
mygm,1
reptile,1
operational,1
yeahhh,1
frisky,1
gloss,1
somebody’s,1
ralsei,1
hb,1
batting,1
chuds,1
pannel,1
allucinating,1
i'ma,1
dow,1
acquaintances,1
swansons,1
wallingford,1
janky,1
reallly,1
happy's,1
blowin,1
faker,1
counter's,1
heath,1
probe,1
mispronounced,1
boyhood,1
blockbuster,1
rang,1
shush,1
liberating,1
fastball,1
spud,1
memed,1
overcrowded,1
yore,1
ewe,1
ooooof,1
tempo,1
malware,1
disturbs,1
abbreviated,1
exec,1
excusing,1
damit,1
oversimplification,1
geopolitics,1
20mg,1
zionism,1
fatigued,1
festus,1
antivacs,1
obtainable,1
bottomed,1
there'd,1
tackled,1
diabolic,1
disowned,1
333,1
gis,1
podunk,1
pleaded,1
anybody's,1
nerdinater,1
serous,1
endometriotic,1
nasties,1
tripped,1
mfer,1
streamgate,1
requirements,1
bur,1
utica,1
dahlen,1
mitt,1
fiire,1
fukkin,1
trumpdown,1
nvidia's,1
freesyinc,1
wah,1
wahooooo,1
loooooool,1
mouths,1
ensued,1
tarot,1
doorknob,1
monologue,1
tithed,1
spores,1
uuuuh,1
thngs,1
resilient,1
bartending,1
wraith,1
camped,1
nonchalantly,1
swatting,1
guarenteed,1
congratufuckinglations,1
tryptan,1
deutschland,1
retreats,1
pragerurine,1
bendelacreme,1
ksg,1
duration,1
lacing,1
chillingly,1
subzero,1
heavyweight,1
fleshlight,1
junkrat,1
collude,1
cupcakes,1
randalls,1
hotwheels,1
600hr,1
sombra,1
610,1
slows,1
eerie,1
spammable,1
cripple,1
endorses,1
seiko,1
ptv,1
frend,1
defo,1
nparents,1
momentarily,1
tlwgas,1
22nd,1
chud,1
singular,1
scrogg,1
lian,1
yu,1
relatedly,1
immolates,1
underestimating,1
ceremonies,1
daaaaang,1
parayko,1
stiff,1
potts,1
whooshing,1
warlords,1
morale,1
humps,1
23m,1
donaldson,1
screenshake,1
ocp,1
manu,1
bernadino,1
eaaaaarth,1
shooooooooooooooooooooooooooocker,1
textless,1
originates,1
imageboards,1
carelessly,1
brewed,1
acuity,1
gonn,1
explaines,1
vomitting,1
thresh,1
uhhhhhhh,1
invalidate,1
luciferian,1
backwoodmenace,1
chiclets,1
overbooking,1
financials,1
funhammer,1
macos,1
snarkiness,1
crawled,1
brace,1
hauled,1
chinaman,1
yuan,1
tastier,1
grøh,1
retinas,1
herculean,1
sonofabitch,1
pj,1
vey,1
writting,1
uplay,1
nodinputpad,1
booters,1
motte,1
bailey,1
vermintide,1
shucks,1
s5,1
s3,1
s4,1
grimes,1
toto,1
boness,1
fyh,1
bedrooms,1
archer,1
deters,1
blackhawk,1
fren,1
custodian,1
coiffeuse,1
brandon,1
novice,1
tropics,1
231714,1
millworks,1
conceal,1
shortages,1
tins,1
repackage,1
misusing,1
chads,1
emmisions,1
133,1
eextendedthe,1
madrasah,1
guillotine,1
disturbance,1
silenced,1
jdk,1
oder,1
splice,1
roleplay,1
ayton,1
unbelieveable,1
vicariously,1
subterranean,1
snowing,1
mr2,1
fortify,1
decreases,1
effectiveness,1
tяeasonous,1
tяump,1
1440,1
benefited,1
aaahhh,1
hails,1
defeats,1
lightwaves,1
frustrate,1
lucidity,1
forseeable,1
tumbler,1
infuriate,1
caresses,1
stupider,1
displays,1
explictly,1
hittable,1
headkick,1
brussell,1
sprouts,1
bathe,1
rapport,1
detained,1
undertones,1
xmen,1
adjectives,1
mcd’s,1
banh,1
5’8ish,1
pro’s,1
developent,1
soooooooooo,1
monitoring,1
mos,1
jeeem,1
convergent,1
subbredit,1
torment,1
substantial,1
destitute,1
humbly,1
pneumatic,1
horsie,1
drm,1
circumvented,1
hater,1
sotu,1
uninvite,1
children’s,1
infringe,1
beaming,1
kicky,1
skeletor,1
politicize,1
1921,1
punctured,1
icarly,1
yosoyjackiejorpjomp,1
glitching,1
phoned,1
strengthened,1
lgbts,1
lulac,1
pirated,1
transcendent,1
coulter's,1
hmo,1
flyers,1
donutlicious,1
gourmet,1
story's,1
sharkies,1
autocorrect,1
becoz,1
alice,1
fracks,1
burglar,1
sueing,1
unsubstantiated,1
enslaving,1
rhyme,1
retcon,1
swbf2,1
cannibalised,1
mickster19,1
funnel,1
tiramisu,1
layered,1
diffuser,1
cosmetic,1
schoolers,1
ws4,1
alternating,1
resuscitated,1
group's,1
emp,1
harasses,1
civilian,1
unpack,1
karmastate,1
watersports,1
does't,1
cth,1
kodos,1
humorstically,1
resta,1
teleporting,1
dining,1
sustenance,1
headbutting,1
amein,1
reinvent,1
stopgaps,1
dissociation,1
derealization,1
pert,1
tones,1
saigon,1
orient,1
ramtard,1
shawn,1
ianamolly,1
mesmerising,1
1970,1
fudds,1
purported,1
foolishness,1
gaslights,1
replacements,1
gged,1
thinki,1
genderless,1
lulz,1
hospice,1
30ft,1
assholery,1
whachu,1
forkdelta,1
berth,1
cu,1
chabanais,1
bullock,1
warner,1
sanctimony,1
dukes,1
garrison,1
lookkit,1
photergraph,1
yeeees,1
ottavino,1
benavidez,1
selections,1
jeopardy,1
ge,1
valuation,1
aces,1
suura,1
problemo,1
extol,1
hzuh,1
meteor,1
hancock,1
eichenwald,1
licked,1
squeamish,1
ignites,1
supa,1
brothas,1
showy,1
consumer,1
trashed,1
titlegore,1
nextfuckinglevel,1
chipotleee,1
damitt,1
hud,1
feelins,1
marching,1
msdn,1
pastes,1
singed,1
jungling,1
piling,1
scrutinize,1
eaters,1
blubber,1
bastion,1
psychiatrists,1
mds,1
psychologists,1
prescribe,1
capsule,1
trespass,1
doubly,1
sew,1
cockholster,1
t4,1
jurisdictions,1
occam,1
payoff,1
caveman,1
hpv,1
ballot,1
rebuttals,1
congenital,1
defects,1
advertiser,1
boyos,1
puked,1
wellness,1
callout,1
4g,1
microwaves,1
eeeeexcellent,1
beamer,1
noisy,1
domain,1
comatose,1
midrange,1
pointers,1
baptismal,1
mole,1
freefreebradshaw,1
hissy,1
aimheros,1
kovaaks,1
hamstering,1
burkina,1
faso,1
libya,1
boiledchickenleg,1
dmc2,1
ffa,1
betabux,1
refernece,1
denims,1
chokes,1
neti,1
soften,1
retaining,1
foreseeable,1
lsat,1
provinces,1
championships,1
channeled,1
rhinestones,1
vb,1
revelead,1
climates,1
zappacosta,1
pitbulls,1
disposed,1
limbretrieval,1
additions,1
nbastreams,1
equalitarian,1
unhappiness,1
functions,1
vowelled,1
snuggled,1
asirt,1
ahahahahahaha,1
fiddlesticks,1
favored,1
cdjr,1
financed,1
reeeeeeeeeeeeeeee,1
tebow,1
ticklish,1
cubo,1
booked,1
instramentals,1
caressing,1
samsquatch,1
whoring,1
crock,1
wishm,1
unregulated,1
moonlight,1
bleakness,1
505,1
stun,1
cannonballs,1
wanker,1
fakenews,1
commendation,1
diploma,1
baptist,1
ip,1
ranges,1
stateside,1
commiting,1
cockroach,1
polished,1
5c,1
sectarian,1
gaza,1
revoking,1
slots,1
ibises,1
scavenging,1
bins,1
kitchens,1
bhahaha,1
gbs,1
unashamed,1
50th,1
actualize,1
subversion,1
melb,1
700,1
rca's,1
centralization,1
attending,1
fashion’s,1
footsteps,1
emulating,1
00’s,1
haunts,1
benadryl,1
fuzzies,1
wayakum,1
durability,1
doozy,1
smarty,1
nokia,1
what'd,1
clanging,1
yaaaaaaas,1
fashionable,1
lsc,1
snowblower,1
uc,1
qualifier,1
seroquel,1
sulphuric,1
sphincter,1
glowingly,1
sows,1
berners,1
swarm,1
gators,1
tulia,1
branded,1
symphatizers,1
faucet,1
laundered,1
cole,1
aladdin,1
visually,1
infusions,1
dissociative,1
hardo,1
22pm,1
czech,1
surgeons,1
ruler's,1
reception,1
yums,1
amuses,1
shlong,1
sil,1
narration,1
ratheists,1
fedoras,1
unbridled,1
canonization,1
entertain,1
bristles,1
rotfl,1
milked,1
crosswalk,1
gatekeeper,1
translated,1
caled,1
evangelicals,1
minefield,1
schlomo,1
smdh,1
noire,1
lehner,1
castrate,1
prude,1
get’s,1
quickest,1
wallstreetbets,1
multiplication,1
reverberate,1
limber,1
gazelle,1
pawnstars,1
storage,1
bhahahahahahahahah,1
insisting,1
infiltration,1
demi,1
tiktok,1
lodger,1
freezer,1
termites,1
woe,1
gooooooooood,1
occulted,1
shames,1
slit,1
swishy,1
tarantula,1
mounting,1
repo,1
on't,1
cro,1
magnons,1
neanderthal,1
lubrication,1
campo,1
hutty,1
broadcasting,1
pe,1
barking,1
pretences,1
tininess,1
handcuffs,1
religiosity,1
richness,1
reuse,1
neutered,1
blackmailed,1
whiffed,1
chillest,1
thems,1
milinials,1
alliances,1
severed,1
inbetween,1
impeachments,1
knewe,1
phantasia,1
epidemic,1
contributes,1
ideologically,1
algebra,1
beleive,1
orators,1
monaco,1
deductible,1
menacing,1
eyeroll,1
toasty,1
erie,1
grubs,1
belgrade,1
hilarity,1
dyed,1
fadom,1
onchain,1
throughput,1
hell's,1
donagal,1
underscore,1
communism101,1
deterrent,1
soleil,1
bagsy,1
embarrasses,1
mexicare,1
oooooffff,1
doggie,1
cussed,1
koons,1
mesmer,1
chrono,1
mirage,1
ltb,1
vulnerability,1
ummmm,1
wulp,1
actuslly,1
newcomer,1
justforyouthlogic,1
metropolitan,1
rotties,1
dongs,1
mudcrabs,1
yens,1
lurk,1
berto,1
egotistical,1
revel,1
pedantry,1
screencap,1
drunkenly,1
defibs,1
neve,1
accompany,1
incessantly,1
hogging,1
mgm,1
envision,1
perpetrators,1
pardoning,1
gazes,1
gatherers,1
midtown,1
greenspace,1
mikyoung,1
kim,1
agence,1
ter,1
puddy,1
marinate,1
focussing,1
feelsbadman,1
hoss,1
pretended,1
telepathically,1
concealed,1
tla,1
overload,1
lop,1
mcfucking,1
denials,1
trimmed,1
disparage,1
raptor,1
libel,1
regognize,1
lest,1
secondhand,1
slants,1
weltham,1
stasis,1
limmy's,1
sketches,1
grado,1
sr80e,1
fraudedbytlc,1
wielding,1
axes,1
resistent,1
nocontextpics,1
truegaming,1
individually,1
wapo,1
downback,1
anxieties,1
pleasantries,1
purdue's,1
93,1
187,1
junkie,1
hitchhiking,1
threshold,1
harper,1
ensues,1
tinted,1
complexion,1
laaaaaand,1
helpless,1
mor,1
boreign,1
motel,1
outskirts,1
albuquerque,1
europhilic,1
child's,1
mesh,1
gangrenous,1
fetlife,1
shuuuuut,1
talker,1
hugger,1
misled,1
antijokes,1
bejeesus,1
dm'ed,1
nodoby,1
milson's,1
kirribilli,1
jessistyles,1
wires,1
aversion,1
jewry,1
sould,1
assissted,1
ceasar,1
elfen,1
jerkoff,1
looooooves,1
eyeshield,1
probability,1
traveled,1
ahch,1
cantonica,1
dr's,1
retention,1
allocates,1
provoked,1
braggable,1
baffler,1
truckers,1
oversight,1
subpoenas,1
obligates,1
gestate,1
buckle,1
otr,1
typhoon,1
catastrophic,1
sire,1
1m,1
lotteries,1
performer,1
goodmeme,1
cheezit,1
perioded,1
disproportionately,1
compulsive,1
impulsive,1
emerging,1
peyote,1
telomeres,1
notley,1
nomics,1
trickiest,1
creeping,1
oceania,1
pumpkins,1
turnaround,1
1700ish,1
114,1
goatta,1
agitating,1
desearved,1
astounded,1
trippin,1
journals,1
60's,1
legaladviceuk,1
probaby,1
diety,1
cnc,1
oline,1
alongside,1
olive,1
lsu,1
suffocation,1
slayed,1
bustling,1
millinery,1
womxn,1
tanked,1
cushion,1
talons,1
kleenex,1
shatter,1
condiments,1
deploying,1
elly's,1
brunch,1
kayfabe,1
hannibal,1
cooper,1
smacks,1
hamburger,1
terrifyingly,1
dissonant,1
ooooonnn,1
justiceforshangeia,1
coerced,1
coned,1
inconvinience,1
chipped,1
primates,1
cambodian,1
blended,1
ubisoft,1
shitstuation,1
publish,1
sheathed,1
inalanon,1
humanize,1
50ish,1
snarkball,1
wipes,1
mri,1
ultrasound,1
budge,1
whiteboard,1
galil,1
speeders,1
smacking,1
kerbal,1
vacate,1
deteriorate,1
gameoverse,1
forex,1
moma,1
mutate,1
pursuing,1
crerpypasta,1
hf,1
difficulties,1
gf's,1
supplanted,1
crimsoneagl3,1
strapon,1
horseshit,1
slytherin,1
pacers,1
mercedes,1
alimony,1
lp,1
schoolboy,1
visitors,1
tfm,1
sapiens,1
grizzled,1
minoring,1
aquemini,1
lettuce,1
15mph,1
30mph,1
concluding,1
brony,1
tfws,1
dobt,1
imprison,1
iamatotalpieceofshit,1
clapz,1
dayyuuummm,1
venerate,1
icons,1
sculptures,1
outclassed,1
deflated,1
stagediving,1
nosebleeds,1
nods,1
presuming,1
psyllium,1
husk,1
taxing,1
funneling,1
jailor,1
continously,1
nypd,1
serfdom,1
spermanent,1
wayyy,1
blot,1
skillset,1
henny,1
krazym,1
fethish,1
tfue,1
nutters,1
cnd,1
brexiter,1
tatooing,1
pimples,1
smeared,1
reformer,1
antagonist,1
confrontational,1
mh,1
hys,1
gardeners,1
2lbs,1
styro,1
hapas,1
paternalistic,1
outfielder,1
heartache,1
gfather,1
motivational,1
steven,1
believewoman,1
womb,1
wallah,1
minites,1
oakland,1
snort,1
crystalized,1
sulfur,1
baddabang,1
mover,1
m'excuse,1
chump,1
welder,1
plumber,1
mlr,1
colleges,1
unnattached,1
damce,1
migraine,1
nfp,1
element,1
corrie,1
mispropaganda,1
unblockables,1
jellies,1
freefolk,1
racoon,1
shines,1
pumpkin,1
lattes,1
compute,1
rfm,1
roar,1
volcano,1
whereabouts,1
croydon,1
ideals,1
cholent,1
materials,1
goff,1
brees,1
kittle,1
billboard's,1
quickmatch,1
fleet,1
ruis,1
wildcard,1
hobart,1
tigers,1
wagga,1
responsibilty,1
youuuuu,1
attitudes,1
vilifies,1
league's,1
gynolette,1
rotate,1
drastic,1
ssbbw,1
rockledge,1
5x5,1
8k,1
tolders,1
whitehouse,1
runners,1
dubious,1
newyorkmets,1
pledged,1
hypothyroidism,1
synthroid,1
stantler,1
unluckiness,1
congressman,1
autocorret,1
broomfield,1
llama,1
derby,1
bunting,1
innately,1
trespassed,1
stranger's,1
duper,1
school's,1
referrals,1
druer,1
makings,1
bleck,1
humblebrag,1
consented,1
squading,1
hamsad,1
y'our,1
goddddd,1
anywho,1
ka,1
panzy,1
seasonals,1
clawed,1
hitbox,1
complaine,1
potcoin,1
den,1
scandals,1
distractions,1
artemis,1
mugging,1
ipad,1
bumbling,1
emigrant,1
cleaners,1
kippa,1
fuckyoukaren,1
lauded,1
tiltles,1
reaping,1
sowed,1
derp,1
godddddddddddddd,1
poundtown,1
capitals,1
schnee,1
diabolical,1
unclearly,1
okish,1
unsurprised,1
foiled,1
combs,1
dood,1
mandle,1
strikeouts,1
disliked,1
cleverness,1
hurricane,1
boatcar,1
obey,1
malvern,1
moscato,1
sars,1
loo,1
wya,1
conjugal,1
moneys,1
unfireable,1
appearing,1
12000,1
ohhhhhhh,1
now’s,1
clowney,1
danm,1
squeaking,1
fabies,1
fababies,1
fatbabies,1
unfit,1
meowing,1
5mg,1
possitive,1
hamburgers,1
crimsix,1
bleak,1
python2,1
proclaiming,1
raindrops,1
sc2,1
asttonomy,1
diverged,1
astronomy,1
sterile,1
modelled,1
lobbyist,1
lounge,1
smashmouth,1
coked,1
notions,1
gaaahhh,1
wellbeing,1
diego,1
redwings,1
fer,1
bowser’s,1
mu,1
impacted,1
hypes,1
platoon,1
carbonated,1
burps,1
467,1
penfed,1
jock,1
etl,1
inaccuracies,1
musician,1
cohesion,1
overwheming,1
n’keal,1
autistics,1
psh,1
regressive,1
tan,1
lightening,1
webcam,1
machinery,1
brattier,1
seeming,1
hoodies,1
sargent,1
pees,1
cred,1
suzuki,1
hammond,1
80k,1
gards,1
exceeding,1
homebase,1
khan,1
moji,1
yeha,1
unfortnatwly,1
200m,1
limo,1
nize,1
pacing,1
studded,1
actally,1
cray,1
cobras,1
toomeirlformeirl,1
plunger,1
deformities,1
ringed,1
greenhat,1
chooses,1
mebtally,1
snoopydog,1
guysndont,1
youand,1
crema,1
moralizing,1
geezer,1
snoop,1
chappelle's,1
shepherd,1
siberian,1
otherrrr,1
cpusa,1
abou,1
octopussy,1
forego,1
kaaba,1
detroyed,1
completionist,1
collors,1
lv,1
lungies,1
puha,1
unwritten,1
loins,1
sinews,1
6’2,1
sponsorships,1
sycamore,1
oke,1
constanly,1
hurdles,1
freddy’s,1
farc,1
afghan,1
pectus,1
excavatum,1
bnever,1
accord,1
penn,1
irbe,1
mras,1
blueberry,1
birthright,1
prohormones,1
xoxx,1
mule,1
depths,1
sta,1
uz,1
franxx,1
aotc,1
tides,1
ilegal,1
panama,1
septum,1
monogamy,1
6a,1
slade,1
mohaa,1
fluoro,1
thedickpill,1
xıs,1
ɹǝʍsuɐ,1
diatomaceous,1
30yo,1
aldi,1
feelers,1
ngga,1
vending,1
snac,1
dehumanises,1
simmer,1
appointing,1
jackin,1
googlin,1
vezinas,1
surrogates,1
squashing,1
guam,1
overflowed,1
smth,1
catfood,1
curtains,1
artic,1
25x,1
dee,1
alloweddddd,1
rappees,1
nw,1
wantsyou,1
rugsweep,1
patronizing,1
clingy,1
lgtv,1
decimated,1
budgeting,1
brasileiro,1
notoriously,1
grads,1
uninstalled,1
laggy,1
multitask,1
radius,1
unnerving,1
pressence,1
shutters,1
pokes,1
entwives,1
pmd,1
hairdresser,1
grabs,1
theists,1
agreements,1
mooching,1
freeloader,1
sufferer,1
establishing,1
dollops,1
biden,1
gropes,1
critter,1
paraprofessionals,1
ut,1
friend’s,1
underlaying,1
summarise,1
abc’s,1
sweatervest,1
1111,1
leftism,1
dolly,1
yey,1
mystero,1
obtrusion,1
faceless,1
assassinated,1
warlocks,1
valyria,1
hwo,1
yiss,1
repossessed,1
resurfaced,1
hazing,1
hanoi,1
aimers,1
cheapskate,1
journaling,1
hiiden,1
motives,1
alprazolam,1
relaxation,1
submerge,1
mothafuckas,1
theoretically,1
mugged,1
vigalantes,1
semesters,1
merger,1
wildrosers,1
torque,1
fetches,1
hahahhaha,1
visuals,1
coerces,1
exchanging,1
hustles,1
insertion,1
aaron,1
mirotic,1
topper,1
intervene,1
marketers,1
insinuating,1
reunification,1
lapd,1
mistrust,1
nonwhite,1
80m,1
njo,1
ackchyually,1
stumblinbear,1
subsequently,1
moba,1
mobas,1
rejects,1
familial,1
masochism,1
fuuuuuuuuuck,1
inexperience,1
gavin,1
stacey,1
homeowner,1
sweeping,1
forfeits,1
thonk,1
qr,1
wrongful,1
convictions,1
mineswept,1
49er,1
analog,1
flamer,1
bsn,1
breached,1
slay,1
trickster,1
educator,1
wj,1
tmake,1
sese,1
happpen,1
boned,1
disorientating,1
harbinger,1
cosmic,1
unreleased,1
misc,1
massacres,1
tc,1
shai,1
hulud,1
exclamation,1
human's,1
ncaaw,1
memorized,1
painlessly,1
blackmailers,1
scissor,1
idocy,1
hahaahahaaha,1
judge's,1
moneybags,1
beatings,1
oligarch,1
loathing,1
charters,1
angeles,1
admissions,1
thankless,1
fruitless,1
gunless,1
arcitys,1
daddys,1
lateral,1
securing,1
calculator,1
calculates,1
rankings,1
capcom,1
baclground,1
uary,1
difinitely,1
fortnitecompetitive,1
ubi’s,1
mot,1
faggots,1
instrument,1
regulate,1
knowingly,1
protections,1
summer's,1
akot,1
helluva,1
husbando,1
fastmine,1
prosthetics,1
beastly,1
afters,1
tldw,1
detergent,1
hogwarts,1
batshitness,1
coparent,1
cr50,1
timberwolves,1
loading,1
dudeeee,1
damnn,1
unfairly,1
midseason,1
clowned,1
pasting,1
gamerghazi,1
playboi,1
carti,1
nova,1
kraaifontein,1
braking,1
campaigning,1
impress,1
ballet,1
tampering,1
ai’s,1
beatin,1
scratchin,1
andrews,1
dicky,1
perpetually,1
devientart,1
painter’s,1
redeem,1
susceptibility,1
minimize,1
fulfillment,1
ak’s,1
handguns,1
ideological,1
ecologist,1
dnp,1
pooped,1
redacted,1
wacom,1
animator,1
inspires,1
bilingual,1
raider,1
glassdoor,1
belated,1
orrrrr,1
uplifted,1
misconception,1
wayyyyyy,1
destructible,1
converstaion,1
vod,1
globe,1
dorion,1
voicemail,1
24th,1
descent,1
mcribs,1
comings,1
darned,1
thunderlords,1
91st,1
resell,1
yanks,1
dashes,1
backpack,1
thugpug,1
oozes,1
agressiveness,1
bistro,1
halcyon,1
sparkling,1
cadbury,1
photoshoot,1
likable,1
helvetica,1
brilliance,1
blossom,1
recessed,1
fondue,1
carl,1
m72,1
rcia,1
beaverton,1
ahhhhhhh,1
craftsmanship,1
metlife,1
honduras,1
rounding,1
cab,1
arab,1
welcoming,1
livioosa,1
liviosaa,1
sunni,1
absorb,1
decriminalization,1
legislature,1
aah,1
shortage,1
vanced,1
ios,1
smiley,1
recomended,1
hahahaahhhahahahahahaaaaaa,1
mistype,1
backdodged,1
duels,1
avoids,1
timings,1
pdf,1
wouldst,1
floof,1
unarchived,1
ayyyy,1
dmc3,1
whiteys,1
terfcide,1
mayocide,1
prosperity,1
jogs,1
pick6,1
steaks,1
fruits,1
breadline,1
instructor,1
maggo,1
node,1
experimentation,1
decentralization,1
customer’s,1
castle's,1
woodsy,1
accosted,1
downsized,1
multitasking,1
nephew's,1
cousin's,1
inn,1
looooong,1
1926,1
tuma'ah,1
unsalted,1
gmod,1
wonderworld,1
wattpad,1
pedaling,1
spawns,1
assures,1
hornsby,1
clay,1
pidgeon,1
lucas,1
lopez,1
jake,1
soundtracks,1
offends,1
deceptively,1
shinny,1
unc,1
muscular,1
orientations,1
libdems,1
wize,1
voldo,1
aphex,1
melodies,1
shockz,1
deniieed,1
ethically,1
missile,1
gaelic,1
eeason,1
narcoleptic,1
nordics,1
foggiest,1
impersonation,1
shangela's,1
bandersnatching,1
bandwagoner,1
greaseball,1
c'est,1
manafacturing,1
9gag,1
captures,1
liers,1
quandong,1
hecka,1
2hs,1
expansión,1
fingerprints,1
tmi,1
yheaaa,1
loklelad,1
phallic,1
cheapen,1
resemblance,1
feces,1
100th,1
gigs,1
abstain,1
nrk,1
akshon,1
deservedly,1
signage,1
realllyyyy,1
trailing,1
infj,1
caustic,1
xi,1
dirtbag,1
fuckstick,1
tael,1
wabi,1
pcmr4lyfe,1
stotts,1
nurk's,1
saban,1
cancellation,1
pounder,1
charecter,1
dday,1
wcw,1
oldey,1
goodey,1
weasle,1
charedim,1
homewrecker,1
eros,1
unquestionable,1
diversion,1
johnny,1
joked,1
analyst,1
lt,1
col,1
leslie,1
watering,1
rupaul,1
contestant,1
dayssssss,1
democide,1
squeezed,1
descriptions,1
omnipotence,1
10’s,1
titanium,1
blindfolded,1
blackadder,1
lsd,1
combinations,1
junker,1
reys,1
dialectics,1
songwriting,1
magnetize,1
mmeeeee,1
painter,1
archers,1
underpants,1
pouch,1
saggy,1
wrongly,1
folksy,1
skylines,1
whammy,1
enamel,1
coherence,1
relapsed,1
proposed,1
thankkks,1
lawbreakers,1
amusementparkshenanigans,1
storyteller,1
thisismylifenow,1
announcements,1
airflow,1
probabilistic,1
snuggling,1
hasidic,1
wd,1
lasso,1
massacred,1
737s,1
hikers,1
somethin,1
fluky,1
quakes,1
journalist's,1
scw,1
cordovan,1
loudspeaker,1
adaptor,1
hdmi,1
detour,1
pettier,1
calabro,1
arbiter,1
grandoozy's,1
edm,1
wubalubadubdub,1
hai,1
yun,1
daieee,1
ignorantly,1
bong,1
nooooooooo,1
wcc,1
angryyyyy,1
hockeymod,1
paths,1
prepares,1
zar,1
panics,1
boondocks,1
scans,1
sund,1
execute,1
hallway,1
judo,1
celebratory,1
spoiling,1
palmer,1
adequately,1
putin,1
flirts,1
scribbles,1
bask,1
liscence,1
marginalia,1
enhancing,1
unionism,1
alones,1
bharlie,1
refrigerate,1
suitcase,1
absolueltey,1
prioritize,1
olde,1
wordy,1
160,1
jeck,1
sith,1
beneath,1
sympathetic,1
vortiger,1
thajarseff,1
downs,1
projectile,1
bdn,1
faxing,1
wimminfolk,1
oogle,1
tronco,1
otro,1
exchanges,1
2000's,1
lolpics,1
theqtvain,1
crafted,1
farded,1
shidded,1
runway,1
stooges,1
shunned,1
chemtrails,1
argued,1
cue,1
schnoodledoodledo,1
leppo,1
rewording,1
twizzler,1
death's,1
pulju,1
marquis,1
nobility,1
servings,1
oldies,1
mpg,1
breakaways,1
fleshlite,1
mice,1
summer’s,1
educations,1
netflix’s,1
relay,1
shined,1
sdas,1
gunfight,1
350m,1
inting,1
ohmygawd,1
inmates,1
hhhhhh,1
dbpm,1
obpm,1
embiid's,1
invasion,1
incognito,1
slovenian,1
ks,1
gambit,1
timely,1
transformer,1
aspiration,1
verysmart,1
settling,1
doi,1
suffocating,1
fufure,1
skateboard,1
banshee,1
mangled,1
drawers,1
blowed,1
tolerate,1
suddenlytrans,1
palpatine’s,1
micklethwait,1
compromised,1
cyperpunk,1
recharge,1
5mins,1
siwa,1
hags,1
ghouls,1
truthers,1
cockends,1
sakura,1
middleman,1
xdd,1
79k,1
scurrying,1
baseboards,1
headass,1
fetal,1
akin,1
rippled,1
sandy,1
gilmore,1
condemn,1
amoeba,1
yeeeeaaaaahhhhh,1
adjacent,1
carriage,1
joystick,1
fbs,1
venetian,1
snares,1
disinfected,1
sanitized,1
aub,1
skyrocketed,1
downwoted,1
gooner,1
m'goodboy,1
mussy,1
ninjas,1
quadfather,1
leichhardt,1
snark,1
anchovies,1
lobs,1
sudoku,1
ticked,1
12am,1
preferable,1
30m,1
comedians,1
jimmies,1
rustled,1
desist,1
timeframe,1
waaaaayy,1
taipan,1
bumpkins,1
mentalhealth,1
candlestick,1
doortrash,1
thoulsand,1
misconceptions,1
3xl,1
doug’s,1
foie,1
sausages,1
4x,1
inconsistency,1
marfeles,1
uw,1
this’s,1
rotated,1
cumosaurusgaysex,1
sillyness,1
heavenphone,1
ucp,1
reliably,1
cuuuute,1
wwoooooooooooo,1
specter,1
selectively,1
abandons,1
collarbone,1
altering,1
8h,1
reptilian,1
manifested,1
baybeeees,1
grouping,1
snerk,1
woodwork,1
dwell,1
airmen,1
req,1
4stone,1
cico,1
disgruntled,1
ocsc,1
singalong,1
suxs,1
ormond,1
toolbox,1
yamaoka,1
pirates,1
clicking,1
p’s,1
rump,1
physiotherapy,1
dpts,1
thinning,1
bled,1
permabanned,1
harasser,1
hypergamous,1
streamlight,1
strion,1
fenix,1
pd35,1
rug,1
provocative,1
clamato,1
wonderbars,1
sc6,1
colourful,1
treading,1
dystopian,1
megatron,1
testify,1
feign,1
recalling,1
veracruz,1
mccalisters,1
nirvana,1
underratedly,1
suprise,1
superstition,1
consulted,1
dietician,1
tapas,1
lololololol,1
tftfd,1
laop,1
askhotel,1
cologne,1
stings,1
gizzard,1
ac1,1
symbols,1
altered,1
straightforward,1
in2,1
duplicates,1
nemesis,1
furthermore,1
dieting,1
nueur,1
crusted,1
wooooshed,1
208,1
viagra,1
cues,1
seventies,1
eighties,1
genetically,1
commanded,1
herders,1
levy,1
summoning,1
nazguls,1
10iar,1
lbp,1
guac,1
crestwood,1
maxed,1
pmo,1
kirby,1
unwind,1
ethnonationalism,1
phds,1
cri,1
obstruct,1
hellman's,1
americanism,1
lawnmower,1
flashiest,1
standoff,1
hbxxx,1
dumbstruck,1
aj,1
pointy,1
toles,1
plp,1
perm,1
steakspeare,1
glanced,1
sepsis,1
ca't,1
cocky,1
muffin,1
prom,1
maki,1
canning,1
nooooooooooooooooooooooooooooooooooooooooooooooooooooooooooooooo,1
aaaaaaaaaaaaand,1
disobey,1
compensating,1
juggalette,1
dislodge,1
mayhaps,1
grandmothers,1
rudi,1
techgore,1
limbs,1
peripheral,1
arising,1
sweeps,1
omnialternative,1
peninsulas,1
lakeshore,1
sights,1
cfa,1
shelf,1
polygamy,1
diarrhoea,1
magamers,1
looch,1
flush,1
finnaly,1
mernda,1
clifton,1
absolutes,1
ovation,1
proably,1
mandated,1
deans,1
nagito,1
plankton,1
pancreatic,1
extraterrestrial,1
ragey,1
stabby,1
mixtures,1
fining,1
registering,1
preller,1
nog,1
comforted,1
crytpo,1
jp,1
dillard,1
hindutva,1
shepherd's,1
flinch,1
endearment,1
assignments,1
6'0,1
microplastics,1
either's,1
discounts,1
riddled,1
yakuza,1
diddy,1
prediction,1
earths,1
feasting,1
bluray,1
cults,1
rituals,1
leverage,1
ˈbɪɡət,1
ignorable,1
jitter,1
beeping,1
formats,1
incivility,1
decorum,1
yaaaay,1
yanny,1
6969,1
oooohwee,1
kekeing,1
reconnaissance,1
darndest,1
developer's,1
xans,1
omgsh,1
shouldvcount,1
blackweb,1
protectors,1
beetles,1
beagles,1
rhythmic,1
maxi,1
unmusical,1
auger,1
remini,1
indignation,1
ditsy,1
omniscum,1
deficancy,1
sodium,1
distressed,1
shreds,1
arouse,1
whistle,1
offences,1
taskforce,1
aussie,1
bankrupted,1
stumbled,1
napoli,1
qualifiers,1
telemarketers,1
ffed,1
sooooooooo,1
concurred,1
screenplay,1
wayfair,1
couches,1
magabomber,1
normandy,1
mickey,1
sams,1
supervisor,1
auch,1
detest,1
itgetsthroughboner,1
catman,1
vampired,1
pkayers,1
citrus,1
lavender,1
weeps,1
turnip,1
baptized,1
cremated,1
trampled,1
farted,1
sonics,1
rakes,1
情,1
choco,1
heartiest,1
garmfield,1
dependency,1
formidable,1
blechdel,1
blasé,1
adultery,1
labours,1
rusher,1
defer,1
wasters,1
obv,1
novelty,1
inflation,1
soundboard,1
operator,1
quacks,1
registration,1
개인면허,1
1억,1
om,1
kets,1
splashing,1
riiiicchhh,1
byyiiitttcchhh,1
refuel,1
uniforms,1
steering,1
hiphop,1
mutts,1
breds,1
bred,1
euphoric,1
tipbot,1
fitter,1
cuba's,1
ancestor,1
lcr,1
shalom,1
disrespecting,1
geezus,1
tryout,1
handmaid,1
rt,1
cinemas,1
rendered,1
v0,1
preserves,1
1rn,1
gimmie,1
naah,1
guatemala,1
mountaineering,1
wary,1
blinds,1
downplaying,1
victorias,1
kage,1
expressed,1
famines,1
brits,1
misfortune,1
blasters,1
bocce,1
eluded,1
manufacturer,1
jackasses,1
swb,1
hungary,1
morrigan,1
manufacturing,1
2m,1
voncs,1
zits,1
fanclub,1
austinfred,1
gleeful,1
crypts,1
uncertain,1
chained,1
runningmate,1
verbatim,1
pings,1
maddening,1
ouchy,1
chutzpah,1
standstill,1
pinecones,1
overseer,1
antagonistic,1
cooperation,1
girlfriend’s,1
gardener,1
reigimes,1
toons,1
chimpanzee,1
militias,1
shredding,1
poultry,1
haaaaay,1
nagr,1
balances,1
silicon,1
gooses,1
deuces,1
dismantling,1
copenhagen,1
francisco's,1
mast,1
indiscretion,1
restrained,1
robber,1
gemologist,1
ipart,1
overabundance,1
fudge,1
gourds,1
1911,1
rummages,1
perverted,1
todsy,1
crips,1
narrowly,1
bloods,1
vigil,1
feminization,1
cosplays,1
inceltears,1
179mbps,1
paralyzing,1
1945,1
impeding,1
sneaker,1
decoder,1
bachelorette,1
seeeee,1
coloureds,1
lighthouses,1
impartial,1
schooled,1
murakami,1
salvation,1
synced,1
speeds,1
stroll,1
blindsided,1
gsw,1
tor,1
boro,1
cuah,1
yrd,1
warnings,1
aggressor,1
infiltrating,1
overseas,1
fief,1
infacy,1
gosples,1
networth,1
scrolly,1
hahahahshshajsha,1
polarvortex,1
protested,1
aca,1
mongoose,1
visitation,1
ey,1
parsing,1
governs,1
mildlyinteresting,1
collars,1
allowance,1
slender,1
dodo,1
pol,1
teaser,1
anyone’s,1
remarried,1
intermingle,1
overground,1
coonhound,1
betabuxx,1
surrogate,1
schmee,1
attentive,1
kiwis,1
canyons,1
gdpr,1
smoggish,1
twdg,1
lis,1
daddy's,1
trueborn,1
brandnewsentence,1
flexible,1
rwp,1
palecons,1
classiclibs,1
commodities,1
incepcion,1
resonates,1
ghosts,1
brolobo,1
areshole,1
garfunkel,1
oates,1
wipeboard,1
shrew,1
plymouth,1
confederate,1
innovation,1
pridefully,1
overdone,1
toplaner,1
regions,1
vary,1
predates,1
25yr,1
jinx,1
antisemetism,1
jobby,1
skier,1
insistent,1
steakhouse,1
rewatched,1
13yr,1
omens,1
resize,1
smelt,1
disputes,1
muted,1
producer,1
bimbo,1
mildlyinteresting's,1
facechat,1
7grams,1
patent's,1
fouling,1
reincarnation,1
freer,1
counsel,1
hereditary,1
assurances,1
slasher,1
fec,1
lando,1
vader,1
ponies,1
gnats,1
inhabited,1
rrrrrrrripped,1
vj,1
tretinoin,1
retin,1
robbing,1
tranna,1
chá,1
qīng,1
查清,1
pronoinced,1
cha,1
ching,1
fallible,1
meatballs,1
hmph,1
heartedly,1
chirotown,1
volsksya,1
rebalancing,1
extensively,1
derailing,1
semantics,1
lilhan2,1
crazyideas,1
ana's,1
peek,1
pajamas,1
sweatpants,1
comb,1
g'day,1
arvo's,1
impersonations,1
bentley,1
optimized,1
excelerate,1
outslayed,1
hhahah,1
sail,1
tix,1
peril,1
excluded,1
moto,1
manafort,1
plo8,1
loa,1
ooooooo,1
metabolisms,1
kai,1
ksana,1
allh,1
fora,1
nonwhites,1
assholic,1
cabs,1
lemony,1
helplessly,1
noahide,1
advocated,1
chug,1
hamburgler,1
heifers,1
kidfu,1
omgggg,1
stassi,1
pioneer,1
bb20,1
coors,1
remnants,1
speculated,1
hulp,1
airspace,1
prepping,1
dazn,1
baconator,1
fundraisers,1
cle,1
oop,1
unavailable,1
pigeon,1
peodphile,1
necrophiliac,1
fluctuations,1
circumcized,1
federally,1
trumbul,1
stratford,1
bridgeport,1
ambassador,1
ventura,1
wordplay,1
ima,1
wowwww,1
pinning,1
cube,1
murky,1
porgs,1
521,1
blistering,1
askfeminists,1
smurfing,1
anourism,1
urgency,1
gridlock,1
unnoticable,1
gemara,1
degenerates,1
subvert,1
prods,1
seaton,1
mislintat,1
surd,1
fatalities,1
recap,1
pardon,1
smouii,1
paladins,1
buster,1
recovers,1
4m,1
arbitration,1
exportable,1
csv,1
github,1
contributions,1
existentialism,1
existentialist,1
beetle's,1
molesting,1
trainees,1
processor,1
divekick,1
quips,1
rek,1
trumpist,1
westfield,1
chafing,1
refusal,1
orthodoxy,1
taxpayer,1
insurances,1
reusing,1
psychs,1
sciencebowl,1
knowledgebowl,1
fking,1
peavis,1
upperroom,1
ejaculator,1
reveled,1
mumbo,1
jumbo,1
deconstruction,1
jacking,1
ozone,1
ultraviolet,1
osteomyelitis,1
phalanx,1
thrombosis,1
presser,1
sorrows,1
captained,1
antimigration,1
bravado,1
exterminated,1
randazzo's,1
haydel's,1
ricefield,1
trickery,1
apostate,1
eo,1
theology,1
trademark,1
lever,1
transmitted,1
broncs,1
sightreading,1
angers,1
ideologies,1
saame,1
shhhhh,1
specials,1
candyland,1
dissociating,1
tendon,1
fags,1
siriusxm,1
conqueror,1
barged,1
mating,1
jinxed,1
08am,1
wheezing,1
sobs,1
enlisted,1
slices,1
longboard,1
lex,1
superman,1
haitian,1
horsing,1
motivations,1
coops,1
quiz,1
ensuing,1
huntch,1
folkestone,1
jerkfaces,1
jame,1
intps,1
scrap,1
wholesale,1
fttn,1
rusted,1
pisstaking,1
postal,1
bfqoe,1
campfires,1
chevy,1
kidnapping,1
sentencing,1
celery,1
erotic,1
roughing,1
unsportsmanlike,1
chirp,1
rdx,1
turner,1
antiperspirant,1
instability,1
shoook,1
hoooo,1
shipt,1
metabolism,1
roaming,1
excite,1
rtts,1
appropriating,1
methhead,1
refute,1
chiropractors,1
firefighter,1
ooga,1
booga,1
precocious,1
cuteee,1
bellletstalk,1
letstalk,1
lince,1
dorado,1
matey,1
reversing,1
madina,1
masjid,1
ammonia,1
decreasing,1
atleti,1
macron,1
udfa,1
fappingpedant,1
rickets,1
okaaaay,1
publicised,1
cahpters,1
byproduct,1
g2,1
barron,1
suffocate,1
pyrocynical,1
gdmnit,1
savoury,1
atlantis,1
dlc2,1
shelved,1
packaged,1
dornish,1
reigned,1
civic,1
diggle,1
laogai,1
pompous,1
spokane,1
unwilling,1
bulky,1
unremarkable,1
fading,1
who’d,1
microagressions,1
shaky,1
introverted,1
akward,1
extroverts,1
wtfuckery,1
nasally,1
spectator,1
collines,1
colouring,1
thickness,1
watermark,1
joburg,1
levelling,1
thrussy,1
bleeds,1
fingered,1
jush,1
fridays,1
ack,1
protectionism,1
baidu,1
monopoly,1
spacial,1
mandate,1
eternally,1
boycotted,1
baffle,1
megalophobic,1
atwater,1
5'4,1
athiest,1
idc,1
synergies,1
lifesteal,1
gladiators,1
invasions,1
aumf,1
rb1,1
nva,1
unironcally,1
courted,1
flagstaff,1
covfefe,1
arguement,1
chemist,1
phsyically,1
boet,1
crumbly,1
stallion,1
directors,1
tmnt,1
douzy,1
accudentally,1
midlands,1
eatin,1
lables,1
comedies,1
ottoman,1
contributor,1
forgets,1
jousting,1
volcanic,1
volcanoes,1
lolol,1
virility,1
x45,1
x62ony,1
blacklock,1
sudbury,1
nipigon,1
ridden,1
buffaslug,1
diminishing,1
dog's,1
reek,1
n8,1
corps,1
dine,1
urgent,1
utis,1
nauseating,1
other’s,1
coincidentally,1
003,1
poss,1
sleeves,1
westbank,1
extortion,1
fangirls,1
insofar,1
schtick,1
barbarism,1
ucf's,1
libertarianism,1
anabolic,1
amarillo,1
billboard,1
m'lady,1
plotting,1
fuss,1
diagnosing,1
dids,1
unexpectedjokers,1
edinburghs,1
stakeholders,1
hoas,1
condo,1
sacrilegious,1
thumbs,1
grampians,1
cakewalk,1
giddy,1
reupload,1
imitates,1
customs,1
hoplites,1
neurology,1
dislocation,1
overtaking,1
crib,1
100years,1
73,1
playtest,1
temper,1
confiscate,1
booted,1
9999,1
fingertip,1
etched,1
concurring,1
bobby,1
competence,1
cuckery,1
giambi,1
bitten,1
tov,1
youngstown,1
overconfident,1
highlighting,1
thermal,1
supper,1
darkfall,1
artosis,1
wqs,1
explqining,1
snowmen,1
brooms,1
shaven,1
ponds,1
hawaii,1
maui,1
slayer,1
holographic,1
sophomores,1
historians,1
neolib,1
checher,1
woooooooahahhohohohohho,1
bembry,1
ak's,1
ratfucked,1
propagandists,1
petunias,1
bunnings,1
socio,1
bovine,1
heater,1
encampment,1
sanctions,1
back2worksoon,1
40th,1
reggaeton,1
deregulate,1
derives,1
somethinged,1
duggars,1
ales,1
conceived,1
moment's,1
deepfakes,1
34k,1
gahhhh,1
mekkkah's,1
pitfall,1
prompts,1
canal,1
ignar,1
poshmark,1
binance,1
cryptopia,1
therapies,1
convoys,1
snippets,1
erotica,1
councillors,1
boorish,1
unilingual,1
contradiction,1
stirring,1
makeupmaxxing,1
sadcringe,1
nipping,1
repository,1
backfire,1
hogs,1
completey,1
waaah,1
destenay,1
requiring,1
mewing,1
todays,1
trifling,1
forsure,1
95th,1
bittersweet,1
flight2,1
9er,1
piercer,1
piercing,1
tobias,1
firepower,1
conform,1
forthwith,1
unnamed,1
verily,1
huurr,1
duuur,1
drumpftard,1
firstborn,1
scrapes,1
bruises,1
plsss,1
fricking,1
disruption,1
pokey,1
incitement,1
veterinary,1
sniffles,1
as5,1
advertises,1
reaaaaally,1
verry,1
unconvinced,1
suppliers,1
cranked,1
pretoria,1
pfizer,1
5b,1
prevnar,1
knockoff,1
ageist,1
whaaaat,1
shattenkirked,1
clem,1
69xxwidowmakerxx69,1
consensually,1
bucharest,1
evacuated,1
precaution,1
twatwaffle,1
king5,1
rez,1
subsidies,1
pardner,1
omniknight,1
pant,1
fulfills,1
yeeey,1
fulfilled,1
highspeed,1
kindest,1
dismayed,1
hodad,1
awil,1
ofnbeing,1
sunrises,1
sunsets,1
wel,1
manufacture,1
reallt,1
tyreal's,1
crusty,1
bri,1
6'3,1
wheezed,1
jugular,1
aftv,1
tomboy,1
ostracized,1
forreal,1
holla,1
sensor,1
all’s,1
tadger,1
punishable,1
rounded,1
competant,1
sstaaaaahhhhpppp,1
tommy,1
homosexuals,1
jawab,1
kafi,1
260,1
263,1
islamqa,1
narratives,1
bending,1
libgen,1
molecular,1
sentimental,1
airborne,1
rodents,1
derbyshire,1
abandonment,1
majorly,1
stretches,1
hunts,1
bays,1
caving,1
nuked,1
counterfeit,1
harrassing,1
mades,1
buenos,1
aires,1
doink'n,1
blunts,1
gollum,1
stahms,1
circuits,1
customise,1
hospitality,1
arrg,1
oneyplays,1
librarians,1
jj,1
granddaddy,1
rom,1
videotapes,1
epoxy,1
officiant,1
undeniable,1
pessimist,1
chancellor,1
zapped,1
smothered,1
filtered,1
sky's,1
vol,1
bog,1
resuscitation,1
weeans,1
urgh,1
maggot,1
gilette,1
va's,1
relaxes,1
liberia,1
unregistered,1
payg,1
vol'jin,1
columbine,1
unpaid,1
rehabilitated,1
pnp,1
veg,1
guesses,1
sockets,1
fanboys,1
dryer,1
vampires,1
disliking,1
robe,1
weaboo,1
bender,1
atlesst,1
nandos,1
mandem,1
evenly,1
proportional,1
carpaccio,1
thesame,1
oher,1
dos,1
viscera,1
carter,1
rased,1
280,1
monopolize,1
extracts,1
cynic,1
lows,1
listener,1
buttfor,1
applauds,1
disconnects,1
disingenuousness,1
alerts,1
backtap,1
snuff,1
woooooo,1
boeser,1
phl,1
livid,1
dumpy,1
hedonism,1
mathews,1
penthouse,1
fourms,1
jerk's,1
reinforces,1
jackknife,1
frinkiac,1
omgg,1
tsundere,1
bunny’s,1
5makes10fm,1
bartend,1
whippersnappers,1
gapping,1
hikes,1
camelback,1
probly,1
drenching,1
furnished,1
wardens,1
atlantahawks,1
sleeper,1
familes,1
peeling,1
vp,1
pivot,1
aby,1
fanboyism,1
uhmm,1
cantaloupe,1
misogynists,1
displeasure,1
paraphrasing,1
unsheathes,1
traumatised,1
tweak,1
cloning,1
sensitivity,1
ancoms,1
slaying,1
cobbobles,1
canons,1
reinforcing,1
swipes,1
algae,1
exotics,1
piping,1
bisbee,1
wells,1
fargo,1
clippings,1
3019,1
maxcellcomics,1
ico,1
cane,1
opression,1
4yo,1
femshaming,1
impotent,1
foriegners,1
robinhood,1
libertyx,1
swerf,1
pasties,1
azwel,1
barcode,1
parvo,1
lmfaoooo,1
committal,1
brazenly,1
waaat,1
harboring,1
soaring,1
baba,1
yaga,1
dipped,1
literately,1
chromie,1
marbles,1
napolean,1
kip,1
tina,1
hitreg,1
dbags,1
caution,1
maut,1
warged,1
espouse,1
bingemas,1
yayy,1
witches,1
eta,1
werewolves,1
blisters,1
empirical,1
chew,1
bubblegum,1
femininity,1
rimiru,1
prophecies,1
sideline,1
postb,1
guideline,1
hideouts,1
lotr,1
ladders,1
ritz,1
whoores,1
covcath,1
psyop,1
riots,1
pitchers,1
cheapness,1
10907th,1
validates,1
debunk,1
pups,1
lebanon,1
sunscreen,1
bronco,1
thankz,1
revolutionism,1
honking,1
prefix,1
kaigai,1
ingrate,1
oooff,1
clung,1
no's,1
touristy,1
yearly,1
umra,1
haj,1
osaka,1
thermometers,1
sitters,1
parrots,1
hoarder,1
daaaaamn,1
togs,1
sparks,1
proficient,1
5’8,1
intrigue,1
pandora,1
justifications,1
fizzle,1
com,1
nourish,1
lumbering,1
roadcam,1
wrenching,1
xoxox,1
dif,1
multivitamin,1
innocents,1
disagreeing,1
whisperer,1
celebration,1
globetrotter,1
prevention,1
renters,1
coven,1
skimms,1
zionist,1
gentrifiers,1
tickety,1
decend,1
voidless,1
scarfs,1
buggers,1
clickbait,1
analyzing,1
baroque,1
church’s,1
cathedrals,1
antivax,1
invincibility,1
susceptible,1
forhead,1
rafters,1
quests,1
breathtakingly,1
camel,1
boggle,1
sod,1
vertebrates,1
entrenched,1
functioning,1
incidents,1
nauseated,1
ebbets,1
skates,1
thrives,1
vgbc,1
outages,1
pixelation,1
celestial,1
jordanhill,1
hahha,1
realism,1
avatars,1
millsbury,1
neato,1
comeuppance,1
alway,1
shamelessly,1
cornetto,1
squeeky,1
rasty,1
hijacking,1
llike,1
tater,1
nosoulcels,1
schooler,1
uncontrolled,1
cribs,1
constituency,1
gholston,1
assisted,1
sinkholes,1
cornwall,1
napkin,1
agonising,1
gangstas,1
culturally,1
severson,1
snaps,1
penguin,1
soundbytes,1
blobs,1
exhalation,1
o's,1
femcels,1
brutus,1
pixie,1
kalmas,1
katyushua,1
dispensers,1
almonds,1
cashews,1
cooker,1
pooch,1
wheeled,1
zapper,1
mercy's,1
powerpoint,1
godfather,1
jet,1
embraced,1
sam,1
cbg,1
gripping,1
玛雅,1
nutrient,1
diagonal,1
waaaaaay,1
nothingness,1
irreparably,1
16yrs,1
whelmed,1
flipper,1
superficially,1
substantively,1
aforementioned,1
haes,1
setpoints,1
normalizing,1
comfortably,1
marginalization,1
gluttonophobia,1
aaf,1
threatens,1
manipulator,1
touted,1
canned,1
mindsets,1
generation's,1
guildford,1
darwinism,1
suicide,1
fuckkkkkkkk,1
disappointments,1
hokage,1
perennial,1
kato,1
rosenbrook,1
voats,1
reich,1
rdr2,1
cambridge,1
receptive,1
moonwolf1,1
799,1
collar,1
stripped,1
modified,1
dribble,1
fantastically,1
gd,1
powerlessness,1
promet,1
m16,1
maravich,1
bigs,1
trespassing,1
editorialized,1
1936,1
moderates,1
grunt,1
relvant,1
congresswoman,1
comstock,1
graph,1
fuckboi,1
hardworking,1
prework,1
whooo,1
oooooohhhh,1
otps,1
spammy,1
sash,1
swallowed,1
hokay,1
title's,1
comma,1
valentine’s,1
epcor,1
sonar,1
haggard,1
flap,1
resection,1
empower,1
abolish,1
patched,1
endlines,1
numero,1
uno,1
slimmer,1
detentions,1
haaaa,1
alamogordo,1
beet,1
strawberries,1
blob,1
punny,1
flagged,1
nissan,1
fuga,1
450gt,1
catfuckers,1
madam,1
wich,1
iguanas,1
worshiping,1
negotiating,1
strangling,1
youuuuuuu,1
sippinthatminttea,1
trio,1
sans,1
knooooow,1
splashes,1
girlyboy,1
mascots,1
producing,1
truthful,1
abnormally,1
stubby,1
monico,1
obliviscaris,1
glorifies,1
goody,1
gallons,1
investor,1
07,1
opposes,1
inclement,1
mammas,1
blech,1
grasps,1
gru,1
longmont,1
fantasising,1
supple,1
instinctively,1
palestinian,1
250m,1
tps's,1
malinois,1
mal,1
16m,1
mbs,1
arrests,1
nia,1
unequivocal,1
ssp,1
foals,1
190,1
tiaras,1
izzy,1
noriega,1
disputatious,1
ozil,1
sven,1
pitiful,1
lingers,1
phishing,1
safes,1
arks,1
euros,1
yates,1
vamos,1
120k,1
spate,1
leaners,1
mails,1
gungrabbers,1
compensated,1
pawnshop,1
uggoness,1
anxie,1
troopers,1
denier,1
rui,1
cartridge,1
layabout,1
claimants,1
narwahl,1
aalll,1
hwoarang,1
cking,1
gunslinging,1
galt,1
louisville,1
anecdata,1
buting,1
strang,1
squeezing,1
steriods,1
excerpt,1
2weeks,1
corporately,1
rightward,1
conversely,1
wooshes,1
alicorn,1
acc,1
forbids,1
castes,1
casual's,1
lauren,1
nes,1
reformism,1
unengaging,1
silences,1
bikes,1
wery,1
gweat,1
frwiend,1
wome,1
monaca,1
merrill,1
slumbishop,1
bochurim,1
aaaaaaaaaaah,1
cpo,1
relived,1
pantyliners,1
odor,1
seeping,1
floors,1
supplicant,1
bobs,1
vagene,1
pysyk,1
fiscally,1
drow,1
jour,1
gothic,1
panache,1
budging,1
clauses,1
nobs,1
chonky,1
abults,1
lure,1
critically,1
interpretations,1
arguer,1
pauses,1
1080ti,1
i7,1
8700k,1
cpu,1
bogged,1
towed,1
lumi,1
extrapolating,1
realmuto,1
paratrooper,1
mumbling,1
disservice,1
seizures,1
benzo,1
summoned,1
ambulances,1
discontinued,1
skypeia,1
cur,1
jtt,1
incantation,1
fuuuuuuuuuuuuuuuuuuuuuuuuuuuuuuuuuuuuuuuuuuuuuuuuuuuuuuuuuuuuuuuuuuuuuuuuck,1
postmates,1
ic,1
walll,1
mj,1
optimum,1
livable,1
thibking,1
principal,1
bouncer,1
lodged,1
mam2,1
reposti’s,1
ginormous,1
unathletic,1
thielen,1
refrigerated,1
crimson,1
skies,1
haves,1
videocassettes,1
multikill,1
manxplain,1
immerse,1
20’s,1
punting,1
cartels,1
democratspf,1
ogre,1
4ishh,1
chapel,1
yyyeeaaahhhh,1
scanner,1
imc,1
plastered,1
notifications,1
booboo,1
lous,1
nascarist,1
daytona,1
predictably,1
rumps,1
fortitude,1
boylen,1
noteworthy,1
streetwise,1
dccc,1
pours,1
rematch,1
acsended,1
fakecels,1
truecels,1
goodlooking,1
ascended,1
angie,1
tribeca,1
lesbonim,1
yiddish,1
bioware,1
fanboy,1
thlassaphobia,1
sentiments,1
notified,1
comerade,1
aemt,1
superpowers,1
sternum,1
sharpened,1
dirrrkkkk,1
nowitzki,1
pigeoness,1
whines,1
brogressive,1
sharer,1
certifications,1
coursera,1
udemy,1
kebab,1
shop's,1
fainting,1
celibacy,1
imitated,1
comms,1
transformed,1
evemtually,1
omgz,1
pecans,1
fling,1
definelty,1
tmz,1
fsct,1
i'da,1
incredulous,1
tenn,1
frankie,1
evident,1
patiently,1
afl,1
resets,1
jackie,1
healthiest,1
orgasms,1
motorcyclist,1
usm,1
gping,1
toenails,1
grossest,1
lightsaber,1
offload,1
batteries,1
bajoran,1
blameless,1
russia's,1
nontoxic,1
prolong,1
15c,1
mudiay,1
zoey,1
canceling,1
coachella,1
gov’s,1
unwavy,1
unopened,1
theorise,1
hoes,1
lode,1
weho,1
manure,1
coloradon't,1
lowpoint,1
chrt,1
potent,1
disjointed,1
troubleshooting,1
scenic,1
vows,1
westside,1
naiveté,1
potentialy,1
schottenheimer,1
demolished,1
panthera,1
flirtationships,1
depiction,1
swill,1
tempe,1
republic's,1
7x04,1
meditations,1
powerless,1
fmri,1
neurofeedback,1
concorde,1
saaaaame,1
depresses,1
carousel,1
revamp,1
jehovah,1
cowpoke,1
franku,1
immobile,1
bedbound,1
grungy,1
unrest,1
highland,1
cathedral,1
grossm,1
sacraficed,1
vancomycin,1
tailgate,1
rigor,1
mortis,1
emotionl,1
vini,1
jurisprudence,1
fetishist,1
technicality,1
meepo,1
enemys,1
eyelids,1
dissmissive,1
astute,1
wylin,1
peregrine,1
beeline,1
alphas,1
ruckus,1
creepiest,1
theough,1
crawls,1
sconsin,1
intersect,1
réalize,1
clarifications,1
undermined,1
embiid,1
oymyakon,1
fullstop,1
immersion,1
trafficked,1
saltiest,1
abraham,1
torso,1
baghdad,1
failures,1
disarmament,1
rudely,1
telemarketing,1
antiquated,1
busan,1
patron,1
hahahahah,1
homosapien,1
nae,1
lenient,1
fredmeyer,1
why’d,1
latrice,1
tents,1
ruiner,1
msnbc,1
favors,1
yank,1
peterson,1
pacience,1
micro,1
congnitive,1
maroon,1
yeaaaahh,1
yeaaaahhh,1
di,1
vatican's,1
spouted,1
rlm,1
captivated,1
ballooned,1
weewee,1
weenie,1
veteran’s,1
skytrain,1
rosy,1
transient,1
scabies,1
colony,1
feuding,1
orwellian,1
unspecified,1
invit,1
boulder,1
barnes,1
combining,1
insufferability,1
splaining,1
megagrindr,1
capricious,1
490,1
overwrought,1
buggy,1
1858,1
prosperous,1
highmountain,1
culver's,1
psu,1
rutgers,1
83,1
4now,1
gah,1
persist,1
baku,1
tournaments,1
enforcer,1
6'9,1
215,1
gm'ing,1
thanksgiving,1
boos,1
mtl,1
ooooooh,1
recieve,1
bruise,1
fingernail,1
tssc,1
hoist,1
greats,1
mouthbreathers,1
lesnar,1
antenna,1
motherfu,1
bawlin,1
psychotic,1
mmhmm,1
ww1,1
mmh,1
dcfc,1
jetpacker,1
25000,1
bitchmade,1
babyman,1
coupledom,1
homerun,1
vacancies,1
adoptive,1
grannies,1
wad,1
enclosed,1
pythons,1
tulo,1
salary's,1
garments,1
mitzvot,1
basks,1
candlelight,1
spellbound,1
hannukah,1
shortens,1
jailable,1
nosleep,1
3yr,1
righty,1
guanxi,1
intrinsic,1
inle,1
redefine,1
waived,1
famer,1
parachuting,1
mechanic,1
discolored,1
reverend,1
museums,1
magic’s,1
hammered,1
5'6,1
horrifically,1
forwardsfromgrandma,1
breakbot,1
1000ft,1
discharging,1
chatting,1
danganronpa,1
hacker,1
charas,1
yesssssss,1
calligraphy,1
dichotomy,1
austinite,1
radiotherapy,1
preggers,1
cardio,1
symmetric,1
insulted,1
facecamped,1
downstairs,1
beggar,1
incapacitated,1
rhode,1
woeful,1
college's,1
reforms,1
grav,1
cliffhanger,1
pricked,1
spines,1
balon,1
dor,1
buckingham,1
nothings,1
rlly,1
forking,1
shirtballs,1
robomod,1
bullshort,1
maduro,1
boe,1
venuzuela,1
strenght,1
valet,1
unnessecary,1
employ,1
fgm,1
uncut,1
niice,1
browsed,1
instance,1
knives,1
flooded,1
admires,1
equivalency,1
delegates,1
familymembers,1
worsens,1
bernabeu,1
outa,1
beaters,1
cantttt,1
oldpeoplereddit,1
redpill,1
dindu,1
nuffin,1
covergirl,1
tarred,1
feathered,1
kremlin,1
pickeks,1
villainy,1
ananarchist,1
manlets,1
lollipop,1
bittering,1
nakamoto,1
buttnoodle,1
congratulates,1
backstory,1
mouthful,1
ogs,1
unitegaming,1
marched,1
contrapoints,1
prorevenge,1
3v1,1
12k,1
viewership,1
resemble,1
upliftingnews,1
fock,1
burr,1
littles,1
jrue,1
catagory,1
ruff,1
arffice,1
disobeyed,1
bo3,1
blackkklansman,1
albies,1
ultimates,1
spalding,1
booing,1
lotta,1
muthafuckah,1
loaf,1
fluke,1
likebigbuttons,1
sliiiiick,1
oppressions,1
world’s,1
woes,1
torrance,1
presumption,1
interpreting,1
militia,1
varied,1
slacks,1
curiousity,1
tiddly,1
oclock,1
taranaki,1
gagged,1
unwashed,1
cringiest,1
haked,1
sayings,1
underlined,1
sleeps,1
chet,1
remindmebot,1
defaulted,1
ballsy,1
tactless,1
330,1
460,1
tex,1
honeymoon,1
spa's,1
sauna,1
finna,1
sellable,1
tripolar,1
hibernate,1
qwertyuiop,1
minigames,1
ps5,1
ps3,1
moreyolo's,1
uoft,1
throttle,1
volkswagen,1
hapless,1
humbled,1
expressions,1
9999999,1
bypassing,1
biometrics,1
sacrafice,1
ecophiles,1
ecosexuals,1
redistribute,1
uninterested,1
ratings,1
customizable,1
firefoxcss,1
berserker,1
esta,1
colliton's,1
son’s,1
5aav,1
thaaaaaat,1
ouija,1
lifesum,1
doxies,1
somemormonasshooe,1
neighbor's,1
looses,1
ryoma,1
damascus,1
guarded,1
tightly,1
incorporated,1
slobber,1
whoomp,1
party's,1
ovld,1
defends,1
reigns,1
tiandi,1
shaolin,1
400ms,1
relent,1
install,1
bracing,1
mistruths,1
epsom,1
signee,1
pewdiepie’s,1
pursued,1
tuning,1
dishy,1
runza,1
kaskade,1
gothenburg,1
kasbo,1
jenny,1
morgan,1
68,1
snickers,1
òwó,1
stuns,1
nades,1
congratz,1
perecuelse,1
drizzle,1
andy,1
kaufman,1
rian,1
cletus,1
sophomore,1
plantation,1
yunnan,1
espresso,1
dungeons,1
sidequests,1
cookware,1
importantly,1
waffle,1
marvellously,1
chibi,1
disoriented,1
lool,1
chopped,1
verifiable,1
royally,1
cwl,1
tmobile,1
yakking,1
cancels,1
sm4,1
teemo,1
brushed,1
reverted,1
wilson,1
unselfish,1
malai,1
kofta,1
balaji,1
lolis,1
ment,1
undertale,1
flung,1
offhand,1
hecking,1
unjust,1
founded,1
trascendental,1
ludicrously,1
vinyl,1
foreground,1
nalgene,1
farmer's,1
tailspin,1
vetting,1
seth,1
paraphilia,1
cumpoo,1
turbines,1
backpedaling,1
tailed,1
probabaly,1
unfriend,1
lovegod,1
overton,1
pharisees,1
clog,1
arteries,1
dogmatics,1
cbb,1
generalizing,1
prompted,1
tinge,1
perfectionism,1
attackers,1
dart,1
n00b,1
tosses,1
gentile,1
coopted,1
ply,1
corsets,1
16ish,1
430,1
fonts,1
terrify,1
x2,1
perceptions,1
garda,1
insulate,1
yayyy,1
trainer,1
pyrite,1
beefy,1
311,1
flamboyant,1
saliva,1
ea’s,1
virtus,1
revlon,1
cuticle,1
jojoba,1
sadden,1
nosferatu,1
watchlist,1
revolves,1
regaining,1
rodsmen,1
avi,1
sarcastically,1
suppressing,1
dissipate,1
prepositions,1
hoarded,1
newsletter,1
alienated,1
flamewar,1
cz,1
evo,1
awry,1
mils,1
feto,1
backhands,1
posture,1
slouching,1
mauled,1
kapusta,1
remasters,1
loool,1
kinsler,1
js,1
mustard,1
zoe,1
ttgl,1
brogress,1
dyel,1
immobility,1
usda,1
disneyland,1
rougher,1
squandered,1
perpetual,1
mmr,1
srd,1
yupp,1
sobro,1
spraypainted,1
stunk,1
deathbed,1
rattles,1
neglects,1
assertive,1
coinbase,1
louisana,1
nfccg,1
piston,1
yisrael,1
niemi,1
primerica,1
danggit,1
eus,1
swearengen,1
mankind,1
grizzlys,1
afi,1
pcsed,1
vacant,1
earner,1
somalian,1
lf,1
pines,1
wyrmwood,1
fades,1
checkup,1
admiring,1
sleazy,1
idealized,1
exemplary,1
priesthood,1
holders,1
mobilization,1
sway,1
b8,1
sksksksk,1
ep8,1
makeover,1
gots,1
givem,1
lightborn,1
ooooofff,1
hurked,1
reselling,1
stubhub,1
rename,1
alphabetical,1
paraguard,1
savannahs,1
pullover,1
mansplainers,1
mansplaining,1
naïve,1
glancing,1
unfathomable,1
whaaa,1
mid20s,1
reconcile,1
peculiar,1
outwardly,1
grr,1
breather,1
raditz,1
unlockable,1
spellings,1
esea,1
faceit,1
swarmin,1
edgelord,1
mvps,1
r3,1
telephone,1
italics,1
wsj,1
quarterly,1
humiliating,1
aimless,1
pecks,1
mouthed,1
sapphic,1
enrolled,1
peninsula,1
shopko,1
economies,1
ffe,1
weeaboo,1
fallacies,1
dotard,1
bestgunnit,1
fahrenheit,1
dreads,1
tantrums,1
repostcemetery,1
restuarants,1
arkund,1
grindy,1
13th,1
14th,1
15th,1
ser,1
gomenasai,1
twobestfriendsplay,1
fuckthealtright,1
perimeter,1
exhortation,1
grownups,1
lubrica,1
infuriates,1
jog,1
geared,1
fives,1
stern,1
moids,1
whit,1
futurescope,1
mawma,1
okur,1
hummingbird,1
appoint,1
lmaoooooooooo,1
wauw,1
ltd,1
counselling,1
endometriosis,1
fawning,1
fawn,1
socialister,1
ctj,1
gatekepping,1
vocab,1
sympathize,1
mentalcels,1
rents,1
marmalade,1
carve,1
pinkers,1
papi,1
lobe,1
foreveralone,1
observers,1
didt,1
guage,1
klutz,1
fuuuuuuuck,1
gratitude,1
annihilate,1
blackheads,1
outoftheloop,1
disapointed,1
smugly,1
nuce,1
blouse,1
courtesy,1
diff,1
intrusive,1
ucla,1
bruins,1
oversell,1
6’0,1
husband’s,1
glam,1
abh,1
20min,1
betas,1
underpriced,1
housework,1
guerrilla,1
literaly,1
blackboard,1
canvas,1
sundogs,1
affiant,1
credentialing,1
valkyrie,1
saaaffffffeeeee,1
libtad,1
arousal,1
encourave,1
warhammer,1
b2,1
dirtiest,1
mandarin,1
robes,1
mombies,1
daddicts,1
barging,1
girlscout,1
mother’s,1
miners,1
flora,1
fauna,1
gimmick,1
ensures,1
modmail,1
denominations,1
bro's,1
useable,1
kowtows,1
lawsuits,1
blocker’s,1
glowing,1
upstanding,1
huawei,1
sadist,1
jilliac,1
needn't,1
inta,1
kneeling,1
conniving,1
heir,1
froot,1
shrimps,1
gritz,1
tempted,1
unrighteous,1
agitators,1
disseminate,1
angina,1
swerve,1
swere,1
koracick,1
fus,1
ro,1
ponzi,1
undrafted,1
w'all,1
ramadan,1
sunnah,1
storey,1
sewing,1
cockatoo,1
roomates,1
syracuse,1
169743,1
paragon,1
meatball,1
absolution,1
crus,1
jiggy,1
actives,1
ankh,1
lite,1
propelled,1
t3,1
1500m,1
abu,1
dhabi,1
deface,1
katanas,1
pepehands,1
flaired,1
satans,1
usb,1
cleanse,1
oopsdidntmeantoo,1
tilted,1
anker,1
razz,1
rescuing,1
polyam,1
portaboobies,1
839,1
mehenjo,1
daro,1
lobbed,1
havr,1
undesirables,1
lefts,1
nsw,1
astrokatie,1
aggravated,1
eclipse,1
2hrs,1
carelessness,1
clemency,1
othrr,1
wastelands,1
getaway,1
rpg,1
overridden,1
gotham,1
inward,1
relocation,1
cinder,1
hebephilia,1
decoration,1
photoshopping,1
otto,1
interlocked,1
asm,1
ukpolitics,1
2b,1
nickelback,1
lwx,1
fetishistic,1
chichatronco's,1
virginnie,1
geolibertarianism,1
epi,1
rented,1
straps,1
fa’s,1
beaches,1
developments,1
george,1
braving,1
endies,1
finicky,1
accidentially,1
ungrateful,1
ethic,1
scholomance,1
eòrapaidh,1
cornered,1
chiche,1
recognizes,1
stonewall,1
retriever,1
afrin,1
daggerfall,1
resembling,1
dx,1
abel,1
impolite,1
squirming,1
exams,1
clause,1
jure,1
hsppening,1
sasuke,1
weighing,1
stormin,1
norman,1
osborn,1
sedation,1
subbanator,1
exacerbated,1
skele,1
kepa,1
politicising,1
anoying,1
fortaleza,1
moicano,1
imām,1
zanadiqa,1
unliked,1
downward,1
baddest,1
bricking,1
civility,1
stagger,1
kite,1
mysteries,1
melatonin,1
gummies,1
frysuspiciouseyes,1
sirvortivask,1
cages,1
indoctrination,1
revolved,1
brawls,1
gt,1
lamzy,1
mailing,1
slacked,1
shooked,1
lsfyl,1
raking,1
hyuck,1
flashy,1
plating,1
brock,1
phoney,1
courting,1
parity,1
steam's,1
uniting,1
surmount,1
puriod,1
untraceable,1
blockchain,1
transaction,1
whistler,1
acres,1
incorporate,1
etcetera,1
hygienic,1
andújar,1
goo,1
defining,1
escrow,1
doohickey,1
femboys,1
furs,1
partywolf,1
178,1
seeious,1
gi,1
b6,1
lh,1
greiss,1
jupiter,1
defiantly,1
differential,1
annhilation,1
printing,1
goggle,1
hygiene,1
lifeing,1
jaywalking,1
spades,1
gamed,1
legroom,1
reclines,1
banished,1
innovate,1
obscenely,1
hell’s,1
proclamations,1
filmmakers,1
brachiosaurus,1
spurt,1
malfunction,1
fertile,1
unfollowing,1
partner's,1
69turds,1
trannies,1
feminsts,1
undue,1
thog,1
teamlemoncreams,1
housekeeper,1
muddy,1
wiretaps,1
conspirators,1
9000,1
choa,1
raws,1
217,1
researched,1
nonserious,1
stepsister,1
porzingod,1
tutilage,1
309,1
flaw,1
reliving,1
unchangeable,1
paramter,1
taint,1
knoooow,1
askers,1
wowing,1
nokias,1
herre,1
cinemax,1
studid,1
pareto,1
unbunch,1
zucker,1
friendships,1
mum's,1
jokers,1
comedia,1
arte,1
makeout,1
squares,1
himym,1
yuppy,1
orgies,1
rockies,1
john's,1
eastside,1
groudons,1
tang,1
yesyesyesyesmeh,1
trouser,1
maidens,1
livestreaming,1
endangerment,1
highlighted,1
000x,1
newsroom,1
unsightly,1
29k,1
flaps,1
pbese,1
fellows,1
blanketed,1
mx9,1
decifer,1
siamese,1
collectivists,1
haze,1
rg,1
crunk,1
donated,1
snail's,1
marshmallows,1
beignet,1
dogpatch,1
creeperson,1
eggshells,1
diplomatic,1
chunks,1
keypuncher,1
hazzah,1
dumbing,1
ohtani,1
unverified,1
scalp,1
charlkboard,1
testicular,1
torsion,1
bernie,1
hairbrush,1
sunflower,1
jug,1
spriefs,1
spandex,1
boxer,1
briefs,1
breathable,1
baseket,1
grid,1
pluck,1
strand,1
satellites,1
mi5,1
vtrigger,1
sixers,1
gaff,1
waaaaaaaaaaaaah,1
collectivized,1
addicting,1
plushies,1
skunk,1
aroma,1
divorcing,1
bvs,1
cowl,1
tracked,1
rationalizing,1
kadri,1
flier,1
shithousing,1
contracted,1
arseholes,1
masochistic,1
sealioning,1
bronie,1
curled,1
projectiles,1
1l,1
cylinders,1
spheres,1
stricter,1
shitstorm,1
wince,1
fino,1
greatness,1
pulitzer,1
salallahualaihi,1
wasallam,1
wally,1
centric,1
aws,1
storefront,1
kewpie,1
industrially,1
farmed,1
godism,1
noggin,1
counties,1
spiderverses,1
tally,1
unclench,1
cds,1
coo,1
oncrici,1
summon,1
elder,1
seniors,1
tricks,1
zinfandel,1
concerns,1
frustrations,1
solicitation,1
futurama,1
wm,1
patently,1
dater,1
soylent,1
perseverance,1
intelligences,1
foreseen,1
unorganized,1
nuglettes,1
rivendell,1
elves,1
sprawl,1
jeeez,1
changemyview,1
lawd,1
twow,1
retained,1
homicide,1
stupor,1
aipac,1
striving,1
forcibly,1
mixes,1
marlboro,1
phasing,1
njoys,1
pinkish,1
inevitability,1
tangible,1
technician,1
prosciutto,1
replicated,1
craptastic,1
followup,1
pathos,1
uninspired,1
premium,1
criclejerk,1
sts,1
thronebreaker,1
singeplayer,1
catastrophize,1
undervalue,1
vain,1
roger,1
doctor’s,1
carbine,1
avery,1
nucks,1
raisedbyborderlines,1
rehabilitation,1
recidvism,1
confess,1
getty,1
telltale,1
mensrights,1
disavowed,1
explantation,1
boxy,1
oleander,1
consciousn,1
patreon,1
disassociated,1
hep,1
crawling,1
lololll,1
qb’s,1
disbelieved,1
hamada’s,1
snowpack,1
abdomen,1
synonyms,1
peko,1
deathcore,1
remmmers,1
sendejo,1
wrists,1
mystic,1
patent,1
stacksocial,1
thrilling,1
protocols,1
gutsy,1
hearns,1
y’s,1
duct,1
wiped,1
phuck,1
jinkies,1
unmasking,1
nyeeeeeeeeh,1
dojo,1
downvoters,1
mammals,1
chafe,1
punchy,1
cdm,1
jumpshot,1
outweighs,1
adoptions,1
tasks,1
undersold,1
justing,1
humming,1
casket,1
lebo,1
rendition,1
spirt,1
neg,1
hillsong,1
sugary,1
lebronsexual,1
avalanches,1
melodious,1
estimated,1
authorised,1
twoxchromosomes,1
armada,1
propagating,1
profiting,1
respawn,1
waters,1
rowdies,1
humblebrags,1
papillon,1
sighed,1
slumped,1
shellfish,1
oysters,1
clams,1
inquiring,1
conor,1
khabib,1
illustrating,1
interviewee,1
uncalled,1
tapers,1
benz,1
intereating,1
concieved,1
autists,1
cant’t,1
flavored,1
maiming,1
tribalistic,1
sighs,1
stranglehold,1
aristocracy,1
smileyboye,1
crank,1
antonio,1
narrow,1
religiously,1
haksal,1
herpies,1
plumlee,1
soar,1
evasion,1
defies,1
disapearing,1
collapses,1
materialize,1
softballs,1
tfsa,1
amnesty,1
stooooop,1
cashier,1
impersonators,1
negotiated,1
experiments,1
prole,1
sweetly,1
clan,1
dropouts,1
archetypes,1
woord,1
brt,1
350k,1
kpw,1
plaster,1
invaluable,1
normgod,1
decimate,1
pejorative,1
midol,1
unity's,1
smithsonian's,1
frazzles,1
ostracising,1
xe,1
overhaul,1
sect,1
quickness,1
arghh,1
tippex,1
acquiring,1
rouge,1
allll,1
bern,1
rv,1
showcases,1
environmentally,1
clutterfuckedd,1
artifacts,1
godparents,1
fo1,1
explaine,1
overbearing,1
thinly,1
veiled,1
unadulterated,1
donating,1
david,1
cameron's,1
spiked,1
wether,1
stafford,1
starford,1
starlord,1
unnecessarily,1
clinically,1
sifu,1
bitchass,1
narrower,1
wafer,1
brad,1
snubbed,1
overthinking,1
ipanema,1
resigning,1
mortality,1
victorious,1
chakras,1
impending,1
dyson,1
sansores,1
vilchis,1
mames,1
reoffend,1
6k,1
strangulation,1
predictors,1
intending,1
rand,1
paul,1
countryside,1
schlenk,1
monochrome,1
lox,1
optional,1
apprehend,1
impostor,1
fermented,1
barbers,1
nundah,1
unclog,1
patient’s,1
footfall,1
pressures,1
kali,1
fluently,1
annoyance,1
comunity,1
woh,1
concerete,1
participatory,1
cuban,1
coments,1
bleep,1
bloop,1
xkcd,1
escorted,1
ist,1
5019,1
staffordshire,1
terriers,1
staffies,1
encourages,1
embraces,1
lvp,1
propping,1
donnybrook,1
comparrison,1
cass's,1
shabbos,1
shootouts,1
exploitable,1
downhills,1
fattened,1
mosques,1
nakedly,1
smith,1
chapchatting,1
facetiming,1
coraline,1
impeachment,1
lunchable,1
brunette,1
oriental,1
curves,1
icicle,1
realizations,1
ankara,1
roadway,1
city’s,1
jurisdiction,1
jacobin,1
awoke,1
cahoots,1
anesthetic,1
engrained,1
resubmit,1
philebus,1
affiliation,1
commentor,1
restricting,1
hoard,1
mellinials,1
reskin,1
lax,1
paralysis,1
equation,1
scraped,1
extrapolation,1
pronouns,1
douching,1
apologising,1
rectified,1
drawtwo,1
ohhhhhhhhhhhhhhhhhhhhhhhhhhhhhhhhhhhhhhhhhhhhhhhhhhhhhhhhhhhhhhhhhhhhhhhh,1
craven,1
streaky,1
jabronis,1
dankest,1
scurry,1
insighting,1
brigades,1
optic,1
funkos,1
planing,1
faucets,1
nyy,1
recounter,1
flea,1
fmcsa,1
fush,1
chups,1
damnation,1
mindboggling,1
whomst,1
nightingale,1
nailing,1
ventriloqy,1
jellyjellyspace,1
heartened,1
layering,1
primaried,1
henchmen,1
decompress,1
garris,1
rahway,1
mechanical,1
llc,1
fackin,1
otters,1
hahahahgaha,1
theielens,1
isst,1
eucalyptus,1
classssssy,1
tache,1
ofcoursethatsathing,1
mailman,1
grubhub,1
deliveries,1
dieded,1
katy,1
cypress,1
suppression,1
degradation,1
devilish,1
repeater,1
missionaries,1
rebels,1
jeter,1
nightlife,1
explanations,1
marathon,1
rinse,1
atacking,1
fishes,1
canthal,1
ididnotvoteforthisclown,1
loaned,1
quid,1
lovings,1
enzymes,1
dyscalculia,1
durant,1
scrutiny,1
undebated,1
stochastic,1
rsi,1
committee,1
audentes,1
fortuna,1
iuvat,1
mcallen,1
puddles,1
omni,1
directional,1
treadmill,1
gammer,1
dikke,1
toeter,1
dismisses,1
gp's,1
resonate,1
succinctly,1
exile,1
beelzebambi,1
rundown,1
chantel,1
medschoolgate,1
stormfront,1
hornier,1
demoralizing,1
rips,1
thooooose,1
simplest,1
purifier,1
artanis,1
thet,1
approaches,1
kerbango,1
xposted,1
frummies,1
tks,1
lineout,1
tpn,1
sheilds,1
3800,1
sn,1
precautions,1
cowering,1
woulndt,1
mccree,1
loath,1
broadcasters,1
verbalized,1
hrc,1
tpp,1
chuckles,1
fag,1
boozer,1
wallen,1
raimi,1
outlandishness,1
whinging,1
brexshitter,1
955bsp,1
heartfelt,1
semiauto,1
strategist,1
hospitalisation,1
mop,1
dethroned,1
coupons,1
gobsmacked,1
ccu,1
stuffable,1
warmness,1
invoice,1
pdice,1
raining,1
healty,1
watchmen,1
vibrator,1
buzzing,1
15l,1
snug,1
injure,1
compleatly,1
littlest,1
meata,1
balle,1
appointments,1
lgbtq,1
debateme,1
babyhitler,1
otherpeoplesbabies,1
cocked,1
plebs,1
pelt,1
miked,1
fq,1
pob,1
hk,1
lmbo,1
swimmer,1
dredge,1
jointly,1
implausible,1
boondoggle,1
lashing,1
treacherous,1
oilymama,1
cane's,1
agnostics,1
embroidery,1
climbed,1
60hz,1
glee,1
userbase,1
roadblocks,1
hillary,1
binding,1
adgag,1
sumo,1
deadlifts,1
bodyweight,1
immaculate,1
effexor,1
reassigned,1
weber,1
horsewomen,1
pals,1
100t,1
stim,1
ve,1
229126,1
whites,1
deiced,1
guava,1
railroads,1
adobe,1
mate's,1
thooorin,1
weebles,1
balled,1
instacart,1
hypnosis,1
stoppin,1
sheriffs,1
llr,1
flail,1
versatile,1
jamal,1
ebay's,1
eroding,1
ordained,1
eeeek,1
diem,1
gatling,1
gujarat,1
karnataka,1
coheights,1
superhighway,1
connects,1
morep,1
eels,1
initialism,1
mulligan,1
faygo,1
cockblocked,1
botox,1
iiii,1
blessss,1
eeggsss,1
twc,1
coup’d,1
diggers,1
approximate,1
irs,1
diagnosable,1
theoretical,1
mutation,1
heavysarcasm,1
tray,1
twinkies,1
delt,1
undertone,1
fw,1
rigidity,1
fts,1
fecal,1
democracies,1
schotty's,1
odell,1
saquon's,1
callus,1
teamed,1
mispronounce,1
cromulent,1
vulting,1
talnkig,1
8d,1
fuckactivision,1
bermuda,1
caribbean,1
enhanced,1
z28,1
tremble,1
rupple,1
poopels,1
xxoo,1
predictions,1
moisture,1
wagons,1
doj,1
20ish,1
henry,1
strategically,1
whhat,1
rene,1
ps1,1
hagrid,1
plagues,1
owen’s,1
chipotle,1
pacifiers,1
quantum,1
dehydrates,1
djt,1
overt,1
discreet,1
observator,1
bowser,1
huhhhh,1
abv,1
flaked,1
instances,1
distributeur,1
albino,1
oing,1
capabilities,1
funking,1
hahahhahahaha,1
counteracting,1
darude,1
smut,1
discusses,1
pertain,1
reproduction,1
gitmo,1
squib,1
dinger,1
drawbacks,1
frfr,1
allistic,1
narcos,1
cornflakes,1
enjoyphoenix,1
desi’s,1
addidas,1
basilisk,1
overpowered,1
royalties,1
missour,1
natives,1
jornadas,1
swordfish,1
baestok,1
bighead,1
gung,1
glastonbury,1
grove,1
softies,1
seabiscuit,1
blucifer,1
idek,1
unlikable,1
ingame,1
aram,1
loooool,1
rod,1
aphro,1
dt,1
slooper,1
wordpress,1
diggah,1
gootecks,1
medicate,1
planners,1
ellsworth,1
guadalupe,1
fasci,1
fashy,1
fæ,1
shē,1
undercut,1
sot,1
savants,1
handgift,1
pundits,1
criticising,1
refereeing,1
jocasta,1
pudge,1
taker,1
hellseashell,1
braced,1
diazies,1
uppa,1
erps,1
mesosphere,1
hyperthyroidism,1
bloodwork,1
archaic,1
decals,1
tswift,1
biopic,1
tresspass,1
grating,1
khushi,1
gam,1
raichands,1
pooja,1
interacted,1
roughly,1
conflate,1
maze,1
me4,1
reapers,1
synthesis,1
transgenders,1
citynews,1
genocided,1
gatorfan,1
forfeit,1
winne,1
pooh,1
bloodbath,1
budgets,1
aghast,1
leprechauns,1
gobert,1
pronoun,1
weeds,1
vindicating,1
bumped,1
geeze,1
ironwillthumbsup,1
analogies,1
blockparty,1
mardis,1
redditminusmods,1
mayeather,1
5000th,1
neoprene,1
stirrers,1
idolized,1
impressionable,1
django,1
cringeworthily,1
greets,1
discusting,1
earbuds,1
moralising,1
shrinking,1
sponge,1
blurb,1
quaw,1
gurr,1
textbooks,1
tribalism,1
maserati,1
numberwang,1
pl,1
toulon,1
punt,1
abcds,1
informing,1
inhabitants,1
schnucks,1
ameliorate,1
programmers,1
heroically,1
uproar,1
escalation,1
morridor,1
render,1
harridan,1
hiss,1
cdl,1
guice,1
nimmo,1
infectious,1
bounced,1
hardwood,1
dvr,1
folky,1
contemporary,1
songwriter,1
northbridg,1
hisss,1
ulcer,1
canker,1
tastebud,1
infant'ry,1
cliches,1
deeprekt,1
g2a,1
magaboys,1
xer,1
xedz,1
ringer,1
ringleader,1
needlessly,1
rotary,1
oscillating,1
atmospheric,1
sg1,1
vigilantes,1
genderfluid,1
agender,1
reinforce,1
depart,1
avocados,1
subredditdrama,1
wl,1
deduce,1
jetta,1
flunked,1
marvin,1
martian's,1
geeked,1
ganging,1
margarine,1
masterbating,1
casing,1
insadtinens,1
dynasties,1
marsh,1
radicalize,1
organisers,1
tableware,1
programmer,1
spraying,1
familar,1
hahahahahahahahahahahahaha,1
loonbag,1
dogger,1
fotc,1
relish,1
hommies,1
gladstone,1
mays,1
jeeze,1
decreed,1
coral,1
antivenom,1
ery,1
spooks,1
theee,1
truthtoirony,1
ventilation,1
shafts,1
exits,1
existential,1
neverland,1
pease,1
colossally,1
controller’s,1
ns,1
wilderbeast,1
patches,1
cleabed,1
orthopedic,1
muglife,1
monoxide,1
displaces,1
signups,1
educators,1
amnesia,1
prospering,1
handfasted,1
unqualified,1
intercepted,1
synths,1
tera,1
unlees,1
maining,1
challenged,1
bronx,1
id'd,1
sanwa,1
hori,1
alliance05,1
contacted,1
counsellor,1
wong's,1
graphical,1
taglines,1
plano's,1
directory,1
freed,1
dnps,1
guntards,1
sao,1
unpleasant,1
cleanser,1
disappearances,1
kidd,1
lighthearted,1
91,1
mixin,1
plural,1
facilitate,1
snappy,1
fro,1
plotforce,1
playable,1
da’ts,1
sniped,1
auction,1
colorblind,1
mindless,1
nitro,1
almight,1
plez,1
pretry,1
utc,1
adorkable,1
tenancy,1
nlf,1
mit,1
stinking,1
sister's,1
feelsgoodman,1
robocop,1
inter,1
francesinha,1
backhand,1
ans,1
tremblant,1
quèbec,1
dietary,1
restriction,1
habaneros,1
govern,1
bigliest,1
macs,1
haste,1
bingo's,1
tiggers,1
bested,1
earnings,1
doenvoted,1
residencies,1
thievery,1
lwymmd,1
exlcuding,1
skol,1
hmrc,1
examiner's,1
equating,1
defections,1
fresher,1
roost,1
aviator,1
booooooooom,1
catnip,1
bahahahahahaha,1
quatrains,1
10f,1
sociopathy,1
altitude,1
symbolic,1
attainable,1
31f,1
neoplatonism,1
aristotelianism,1
verboten,1
straightaway,1
ysts,1
chimichanga,1
chapsticks,1
tounge,1
slovenia,1
disgraced,1
atronach,1
dipo,1
intact,1
jaundiced,1
sugma,1
jt,1
publically,1
carts,1
nucleotides,1
rotates,1
ziploc,1
soooooooooooooooooooooooooooooooooooooooooooooooooo,1
withdrawn,1
sincerity,1
weakest,1
162,1
forreals,1
totake,1
upwind,1
sweets,1
collegehumor,1
outed,1
turgeon,1
riiiiight,1
cff,1
charcoal,1
graphite,1
plumbus,1
feline,1
informs,1
twitt,1
jackpot,1
allowances,1
returnable,1
grey's,1
noticeably,1
baltimore,1
medicaid,1
artistically,1
nmother,1
brothel,1
laver,1
month's,1
innovating,1
boulton,1
watt,1
amatur,1
sommelier,1
ncaaf,1
dashcam,1
domination,1
defrosting,1
12hours,1
snarky,1
remark,1
restored,1
acquired,1
year’s,1
premarital,1
unplanned,1
curriculum,1
acre,1
dumps,1
condones,1
qt,1
spans,1
gravity,1
woodfield,1
platypus,1
lebatard,1
jamskater,1
forensic,1
xfl,1
oslo,1
barber's,1
butchered,1
anel,1
summit,1
atrociously,1
cliffhangers,1
precedence,1
inquiries,1
tincan,1
successes,1
prerecorded,1
fews,1
plissken,1
francisco,1
provider,1
unmotivated,1
guilted,1
fernandas,1
coulda,1
merc,1
grandkids,1
akhad,1
pfffft,1
rentals,1
mathematically,1
spontaneously,1
televangelists,1
libraries,1
upstate,1
tomboys,1
curdling,1
hypocrites,1
bloodborne,1
receipts,1
decompose,1
ghazi,1
cod4,1
depay,1
ambivalent,1
paragraphs,1
amped,1
woozy,1
head's,1
autopsy,1
turvy,1
quieter,1
sensationalized,1
whippet,1
wubwubwubwubwubwubwubwubwubwubwubwubwubwubwubwubwubwubwubwubwubwubwubwubwubwubwubwubwubwubwubwubwubwubwubwubwubwubwubwubwubwubwubwubwubwubwubwubwubwubwubwubwubwubwubwubwubwubwubwubwubwubwubwubwubwubwubwubwubwubwubwubwubwubwubwubwubwubwubwubwubwubwubwubwubwubwubwubwubwub,1
tinnitus,1
radfem,1
danke,1
amended,1
surpass,1
shutdowns,1
negs,1
animal’s,1
broooo,1
ouuuuccccchhhhh,1
skirmish,1
cleansing,1
uggggghhhhh,1
teh,1
gol,1
straingr,1
rises,1
irrelevance,1
skew,1
unavoidable,1
fruition,1
milwaukee,1
baby’s,1
aroooooo,1
slaps,1
lola,1
drumming,1
octopuss,1
penises,1
splinters,1
worldstarred,1
pataweo,1
gayborhood,1
scraggly,1
endured,1
blake's,1
dysgenics,1
snail,1
ratting,1
notify,1
musta,1
proportionately,1
subreddit's,1
subsithoughtifellfor,1
libcuck,1
malignant,1
palliative,1
drafty,1
intruder,1
nanny,1
stronk,1
jogfrey,1
schizophrenia,1
disagreed,1
millport,1
carp,1
lawlessness,1
pinged,1
freelance,1
inland,1
organisms,1
engineered,1
gluttonous,1
wrathful,1
prideful,1
ballerina,1
zombey,1
bootlicker,1
peope,1
hasbro,1
trotting,1
satanic,1
fookin,1
kqly,1
spar,1
crocheted,1
romper,1
untucked,1
denounce,1
trxps,1
gramatik,1
calibration,1
ticking,1
divinity,1
apophenia,1
balms,1
macabre,1
illiberalism,1
centeredness,1
invader,1
pita,1
abouts,1
jd,1
separatism,1
proclaim,1
electoral,1
strongholds,1
wooo,1
sods,1
amazon’s,1
caneco,1
disney's,1
takeover,1
telescope,1
lend,1
replays,1
bums,1
17f,1
skyboundian,1
hommage,1
autographed,1
starwarsleaks,1
starwarsspeculation,1
freedoms,1
sexualised,1
anamie,1
dimensional,1
comprehensions,1
irretrievably,1
preaching,1
pronounciation,1
gypsies,1
clashing,1
tattling,1
cog,1
phi,1
dunks,1
airballs,1
boyfie,1
zepellin,1
nigeria,1
angola,1
trophies,1
neurotypicals,1
commanders,1
tdagarim,1
desillusioned,1
verbiage,1
fisherman,1
sandwiching,1
garbagepailgrrrl,1
bedrock,1
initiates,1
maaan,1
knots,1
lifelike,1
wielded,1
devolves,1
yoohoo,1
dismember,1
loll,1
sterilization,1
insinuate,1
reconsidering,1
burdening,1
dunder,1
mifflin,1
piloting,1
popes,1
accessible,1
worships,1
implants,1
drooled,1
onerous,1
unexpectedspiderman,1
calgary,1
herald,1
shaver,1
seep,1
rebuilt,1
annihilated,1
inkling,1
christine,1
dwar,1
gopher,1
priso,1
rousing,1
globalist,1
blink,1
undermining,1
feudalism,1
unedited,1
infuriation,1
vox,1
populi,1
shep,1
me2,1
specializations,1
legalistic,1
letterkenny,1
lard,1
40000,1
stabbings,1
reckons,1
beerus,1
suitable,1
recklessness,1
ep1,1
meadows,1
fastbreak,1
mayfield,1
saucing,1
danbo,1
pip,1
editions,1
hentaipoon,1
fearmongering,1
turmeric,1
paula,1
albertan,1
odin,1
fly's,1
seattlewa,1
processtm,1
messier,1
paraphrased,1
nay,1
24hr,1
churning,1
backers,1
patsy,1
suffocated,1
potion,1
dnb,1
sweetened,1
isn,1
barricaded,1
bk,1
uncoordinated,1
plots,1
knoxville,1
holland,1
frisia,1
inflamed,1
yearns,1
densely,1
nametags,1
pows,1
sprayed,1
gated,1
expo,1
gdc,1
deal's,1
jjba,1
abridged,1
spotify’s,1
grading,1
hnic,1
whiney,1
scheißer,1
ruveal,1
udg,1
pretense,1
evading,1
sriracha,1
gochujang,1
dancer,1
advertise,1
advisory,1
cockatiel,1
cyrillic,1
isen't,1
hige,1
curl,1
tensions,1
qvc,1
hoarders,1
argan,1
curbed,1
polyps,1
transferred,1
dab,1
rollerblades,1
hihihi,1
beginner's,1
heed,1
slandering,1
insanepeoplefacebook,1
whhhaaa,1
where’d,1
assuring,1
yap,1
gradeaundera,1
canopy,1
instil,1
boy's,1
affirming,1
porthole,1
rollerskates,1
waying,1
unity,1
bulb,1
abandon,1
greggs,1
joyous,1
maters,1
ukraine,1
babi,1
yar,1
pseudopenis,1
arranging,1
marriages,1
punchbowl,1
yawnn,1
sayyyy,1
villians,1
mayonnaise,1
demonstrates,1
leasing,1
backward,1
defecit,1
allying,1
forts,1
mgs,1
ccw,1
nonpaywalled,1
backstabbing,1
sesta,1
fosta,1
censor,1
danvsstu,1
electrician,1
warthog,1
paarrn,1
moans,1
wld,1
irresponsibly,1
snooki,1
equivalence,1
frbs,1
pugnacoins,1
ag,1
invents,1
mattered,1
dwights,1
storybook,1
fda,1
loon,1
dumping,1
astrophysics,1
cabinet,1
exhibits,1
herr,1
professors,1
bernie's,1
ruck,1
observations,1
artstyle,1
costumize,1
jade,1
austria,1
uffda,1
bovada,1
300k,1
subpoena,1
protista,1
advantages,1
whooping,1
monk,1
dryers,1
floats,1
penmanshipporn,1
abit,1
groove,1
benghazi,1
carpool,1
inserts,1
restrain,1
401,1
327,1
showerer,1
6'5,1
snoot,1
ashwagandha,1
gaba,1
gabapentin,1
helix,1
cataclysm,1
contour,1
monophanie,1
squeal,1
ruth,1
instrumental,1
ess,1
350b,1
eyebleacher,1
kms,1
oohhooo,1
deflected,1
demonstrating,1
microvascular,1
ischemic,1
omitted,1
findings,1
tga,1
ocarina,1
peter,1
thiel,1
proportionally,1
fined,1
rup,1
prepaid,1
oats,1
proteins,1
avenins,1
ceiliacs,1
dissociated,1
1900s,1
hbomb,1
swayed,1
eerily,1
unpacked,1
paddle,1
imaginable,1
nuraphones,1
expound,1
drummed,1
choruses,1
catchy,1
tweezer,1
preds,1
looove,1
eea,1
saviors,1
hipaa,1
hippa,1
discourages,1
bluuuuuururrrrrrrghhhhh,1
whyyyyyyy,1
pore,1
bigheart,1
autobreaking,1
autobraking,1
temperance,1
bf’s,1
poetic,1
vaxxhappened,1
eldery,1
invetory,1
aaditi,1
1990,1
spike,1
adversity,1
guendouzi,1
propoganda,1
dini,1
flayed,1
yield,1
unsurprising,1
uploads,1
plagiarism,1
shitttt,1
69ing,1
randomized,1
sims,1
afterargument,1
scorching,1
valour,1
crosscut,1
edgey,1
testifying,1
centrifugal,1
bumblepuppy,1
realisation,1
wrongs,1
d'l,1
veganuary,1
undisputed,1
bagels,1
noodlebox,1
avail,1
nononononononononono,1
introduction,1
lunchbreak,1
arnt,1
argonians,1
northwestern,1
elaborated,1
disk,1
scavenger,1
293,1
hoopin,1
wieners,1
franz,1
ferdinand,1
krg,1
corroborated,1
witnesses’s,1
crossprog,1
gamedevs,1
salted,1
troy,1
smeegle,1
obssesed,1
bino,1
workingwa,1
ringzzz,1
genital,1
blinded,1
shaker,1
parmesan,1
republicanism,1
evangelism,1
spiritually,1
fruitful,1
unmemorable,1
frolicked,1
plead,1
static,1
reflectives,1
v2s,1
grocers,1
specialty,1
reviewable,1
posion,1
metairie,1
londoner,1
sunderlander,1
lika,1
cubes,1
intervening,1
tiernan's,1
dataset,1
mosque,1
shaa'allah,1
pomeranian,1
pleasuring,1
npcs,1
sths,1
schooling,1
defenintly,1
dg,1
pierced,1
flashpoint,1
helper,1
6000,1
academies,1
writeoffs,1
smol,1
roofs,1
brushes,1
doublespeak,1
gangly,1
shingles,1
yaaay,1
trevor,1
peru,1
pisco,1
bind,1
incarnations,1
concluded,1
lds,1
inc,1
flds,1
berries,1
blender,1
teva,1
sustained,1
vpd,1
mounties,1
sprint,1
podium,1
6'4,1
consolation,1
adversely,1
flatters,1
pots,1
carvey,1
wiggle,1
bumping,1
dfwpets,1
manager's,1
reproducing,1
magnetism,1
apostrophe,1
badboy,1
dragonpit,1
impressions,1
raids,1
sussidio,1
deriving,1
lurkin,1
fossil,1
geological,1
clique,1
underappreciated,1
innuendo,1
combo’s,1
girflriend,1
hyde,1
damsel,1
workd,1
cbo,1
retrospect,1
afab,1
emulate,1
imitate,1
sthaaaaap,1
chemlights,1
stanley's,1
bootstraps,1
mowed,1
invading,1
westeros,1
loooooove,1
tiff,1
rdr,1
singleplayer,1
shifting,1
indescribably,1
powerups,1
massivelyop,1
mythical,1
indictments,1
retroactively,1
shorthand,1
practiced,1
bullish,1
unfathomably,1
attrocities,1
verbose,1
persecution,1
lawmaker,1
coordinates,1
lerfect,1
lunchpine,1
tiredness,1
biotch,1
putas,1
qué,1
eres,1
bidets,1
plumbing,1
kirkcaldy,1
rear,1
posturing,1
accomplishes,1
drowning,1
stepchild’s,1
roid,1
hamburg,1
encapsulates,1
yoir,1
abstraction,1
bloggers,1
organised,1
continuum,1
uselessly,1
drill,1
balrog,1
subtleties,1
overlook,1
whirl,1
apartman,1
err,1
fierljeppen,1
joi,1
fehduhp,1
colloidal,1
gobget,1
tweezers,1
oodles,1
grandchildren,1
5d,1
sigma,1
600mm,1
whitewash,1
libertarianism’s,1
induction,1
kotake,1
koume,1
disinvited,1
iremindme,1
jaxons,1
biding,1
solidifying,1
expunge,1
kerastase,1
redken,1
cessna,1
cockroaches,1
crumble,1
canny,1
coziness,1
unnerved,1
handkerchief,1
unlubricated,1
bodice,1
skinning,1
resourceful,1
regain,1
combinaison,1
poeple,1
carbonation,1
nan,1
organizing,1
eesh,1
wishhhh,1
skyshout,1
paramedic,1
talkshow,1
cowhers,1
sbs,1
supee,1
lakes,1
contemptuous,1
disabilities,1
leviticus,1
comradely,1
fraternity,1
phonetics,1
throwaway,1
resisted,1
hagen,1
orchards,1
bayou,1
nwa,1
waterline,1
atonement,1
jheez,1
messageme,1
creepypost,1
tantruming,1
adolescents,1
sattiva,1
layout,1
quaking,1
primal,1
calculating,1
l3,1
cache,1
ledge,1
pl’s,1
chinatown,1
wallmark's,1
hada,1
honked,1
relieve,1
recapture,1
pisces,1
americas,1
weightloss,1
spiky,1
serrated,1
resc,1
maneuver,1
weakened,1
cimmunity,1
underworld,1
interceptions,1
youll,1
glans,1
straightness,1
defensemen,1
ix,1
phasma,1
centerist,1
organic,1
frappa,1
tym,1
uptown,1
claiborne,1
lorries,1
neko,1
atsume,1
motherfukers,1
understatement,1
geezuz,1
brute,1
usernames,1
melodesign,1
semper,1
nerdalis,1
jn,1
headlined,1
mariners,1
10000,1
outfielders,1
4d,1
conceptions,1
futbol,1
applebees,1
3200'ish,1
spaniels,1
inclusive,1
aborted,1
responsebility,1
natalist,1
perversion,1
encyclopedia,1
wwwhhhhyyyyy,1
mcnugget,1
maribyrnong,1
xxxx,1
4mil,1
journo,1
rlc,1
mythologised,1
accidently,1
flanders,1
specs,1
insurgency,1
sandstorm,1
coop,1
peoole,1
boh,1
telescopes,1
chlamydia,1
airline,1
booster,1
incentivise,1
escalator,1
knotty,1
inverted,1
microscope,1
tack,1
patrols,1
bein,1
grandmotherly,1
stepdad,1
truffled,1
jacob's,1
astralis,1
twitches,1
wilder,1
choosey,1
osi,1
abandonned,1
hellllll,1
checkouts,1
immunities,1
brietbart,1
auckland,1
midfielder,1
napster,1
me3,1
hatched,1
dm’ed,1
romanceable,1
protag,1
fininte,1
bpc,1
157,1
coincidences,1
participated,1
300ug,1
relievers,1
natgeo,1
decorating,1
inspo,1
zip,1
sheeting,1
prodders,1
meyers,1
motherfuckers,1
rancid,1
siphon,1
terimuns,1
clamity,1
homing,1
epithet,1
denigration,1
jaded,1
projects,1
pronouncing,1
enormously,1
indiginous,1
dares,1
asexuals,1
elationship,1
communicated,1
lrs,1
emphasis,1
overanalyzing,1
amnesiac,1
robb,1
en,1
riverrun,1
freys,1
balo,1
eichel,1
ultralord,1
wilk,1
segregation,1
confetti,1
tentative,1
raises,1
successfull,1
cataracts,1
broaden,1
blackberries,1
rubus,1
ursinus,1
seating,1
54,1
ahigh,1
69k,1
doubloons,1
embodiment,1
gritted,1
neoliberals,1
tryhard,1
qm,1
nerv,1
jannist,1
nutmeg,1
ragging,1
machete,1
tgif,1
trivia,1
banff,1
canmore,1
oxo,1
reassuring,1
slathered,1
segments,1
raged,1
notoriety,1
expropriate,1
androgynous,1
sickle,1
dilaudid,1
formatted,1
downloaded,1
wealthify,1
tafe,1
ballboy,1
agrew,1
midget,1
warcraft,1
tbc,1
acrylic,1
queef,1
mumbles,1
loveable,1
15mins,1
tapped,1
brontosaurus,1
dickless,1
dots,1
loveless,1
wallowing,1
grayscale,1
kingsish,1
pipebomb,1
10eth,1
unprofitable,1
tween,1
yaaass,1
latch,1
anchors,1
swiftly,1
enacted,1
mecha,1
tai,1
chi,1
watercolour,1
cizikas,1
dollarstore,1
uncover,1
grips,1
applicators,1
expressways,1
commuting,1
sinclair,1
emthamused,1
creations,1
myths,1
breweries,1
chevron,1
sensationalism,1
sohr,1
snl,1
airships,1
lasd,1
650,1
squid,1
initiating,1
hairspray,1
comissar,1
spontaneous,1
boogeyman,1
disenfranchisement,1
socioeconomic,1
cl,1
godless,1
villages,1
hilary,1
planted,1
neurotic,1
populace,1
typos,1
convey,1
migrated,1
autograt,1
ported,1
miskatonic,1
keepers,1
zealotry,1
shoofta,1
fiind,1
modifier,1
spermatozoid,1
31q,1
pupil,1
boah,1
venice,1
cripples,1
invokes,1
lps,1
mouthwash,1
fjb,1
toaster,1
thank's,1
retested,1
revaccinated,1
puff,1
trumpcare,1
onsessibg,1
poorer,1
browner,1
i'ts,1
drafts,1
gravel,1
kiddan,1
egregiously,1
huffpost,1
breitbart,1
400mg,1
knotting,1
ubiquitous,1
blowup,1
bc’s,1
lng,1
ko,1
tko,1
kg,1
puritanism,1
pewds,1
premonitions,1
warranted,1
severally,1
trop,1
adventurously,1
economically,1
bogota,1
hinting,1
sri,1
lanka,1
essex,1
reef,1
cauliflower,1
dough,1
frei,1
subcommittee,1
diabetus,1
gremlins,1
7eth,1
incipient,1
antivaxx,1
lobbying,1
grappling,1
boo's,1
playgroup,1
4'10,1
6'2,1
shovels,1
human’s,1
cantons,1
antivawers,1
showgirls,1
saxy,1
hellfire,1
impediment,1
seattle's,1
thanksshaw,1
patty,1
slippy,1
freshly,1
clickin,1
sportsmanship,1
ivan,1
alyosha,1
chernobyl,1
heartening,1
prudish,1
milksmith,1
griz,1
nepal,1
conducted,1
derry,1
tyrone,1
scooting,1
withdraw,1
jewellery,1
wolfdog,1
hybrids,1
bathtub,1
kin,1
analyze,1
rectum,1
whangarei,1
polos,1
basking,1
mine's,1
anticipate,1
spinners,1
bbw,1
oooooooo,1
defeating,1
trex,1
organising,1
trtl,1
waswas,1
inmoral,1
engineers,1
debs,1
withhold,1
cogent,1
binoculars,1
aaaaaaand,1
dic,1
dubai,1
trampoline,1
travelled,1
auditor,1
icr,1
novak,1
pipes,1
snowman,1
wonderland,1
getafe,1
assery,1
freebie,1
00pm,1
softball,1
progressivism,1
generating,1
vector,1
latent,1
metaphysics,1
squeals,1
mk9's,1
fanservice,1
joop,1
aftershave,1
knitting,1
reeaaaal,1
ts,1
pfft,1
pluses,1
minuses,1
fthumb,1
hellz,1
motherland,1
organisations,1
fived,1
gcs,1
montrose,1
ale,1
tidings,1
massaging,1
booooooyz,1
toned,1
disgracefully,1
silvers,1
tyrannosaurus,1
zeros,1
tac,1
inflatin,1
laop's,1
selfs,1
bunging,1
feeders,1
ud,1
minder,1
binder,1
somthing,1
checkline,1
lifers,1
sidepiece,1
seabass,1
commemoration,1
pug,1
elijah,1
re5,1
sewed,1
gluing,1
exclusions,1
averaging,1
mustn't,1
runways,1
maintains,1
ratbirds,1
graded,1
passrusher,1
specimens,1
serene,1
inheritance,1
brackets,1
kyrielight,1
eightroundsrapid,1
dm's,1
lemonade,1
completeanarchy,1
outfield,1
certify,1
bewildering,1
cheerfulness,1
fuck’s,1
deathmatch,1
gastroenterologist,1
marries,1
usurperrebellion,1
amy,1
gelatin,1
pres,1
midge’s,1
dastardly,1
90dayf,1
lal,1
psi,1
crowd's,1
chappie,1
diligence,1
tongs,1
lima,1
pondered,1
kotakuinaction,1
preists,1
minimalist,1
generals,1
logan,1
reclaims,1
burlesque,1
milania,1
sharingan,1
norse,1
artisanal,1
grudge,1
yoooooooooooooooooooooooooooooooooooooooooo,1
im14andnothingisdeep,1
aspies,1
grits,1
maple,1
tim's,1
poutine,1
nanaimo,1
interactive,1
devise,1
palp,1
crease,1
lol’d,1
samuelzeign,1
temperaments,1
disparities,1
damns,1
wcape,1
damn's,1
中国人,1
murrayfield,1
possess,1
gey,1
dumho,1
sooooooooooooooooo,1
homesick,1
privatized,1
chinise,1
stds,1
robocoughs,1
robocough,1
mana,1
crude,1
ces,1
mylk,1
brandy,1
aroused,1
scrutinised,1
discharge,1
5'9,1
blm,1
solicitor,1
newstalk,1
hub,1
choosers,1
tua,1
reese’s,1
snapchatzzzz,1
songwriters,1
230,1
pru,1
asset,1
haskins,1
grammqr,1
kindered,1
duper's,1
alll,1
downnnn,1
16k,1
cronometer,1
realtime,1
underestimated,1
overhyped,1
nowish,1
hoa,1
wooooshiety,1
supermarkets,1
neighborhoods,1
fuckup,1
predicting,1
brake,1
hysterics,1
malaysia,1
characterize,1
dud,1
ulted,1
benders,1
undermine,1
newton's,1
arose,1
vacuum,1
highschoolers,1
suorin,1
rc,1
helicopter,1
lithuanian,1
kursenai,1
telsiai,1
1930s,1
grinded,1
bridesmaids,1
plummeting,1
disrupter,1
stryfe,1
defunct,1
competed,1
televangelist,1
pax,1
bf3,1
strafe,1
oiler,1
gaaaahhhhhhh,1
botting,1
claymation,1
litigation,1
boahs,1
yaaaaaas,1
tasso,1
spiced,1
banal,1
raid,1
irritant,1
2meirl4meirl,1
pique,1
firsts,1
rioting,1
lable,1
indecipherable,1
completion,1
pimento,1
pimentaco,1
unladylike,1
takeout,1
karts,1
dismissed,1
sullo,1
ramble,1
whamen,1
respecc,1
hardiest,1
underlying,1
tal,1
sameee,1
chiropractic,1
tenets,1
ache,1
rugrat,1
minarchists,1
brosky,1
notasci,1
osborne,1
chimi,1
ovaries,1
amusingly,1
descendant,1
weaned,1
bon,1
voyage,1
jwong,1
ufo,1
nevvvvveeeerrrrr,1
ffxiii,1
ounces,1
heartburn,1
goeth,1
haughty,1
maaaan,1
straightjacket,1
colby,1
deafen,1
disorient,1
lactating,1
acestream,1
parenthesis,1
primetime,1
hardens,1
chiro,1
woodshed,1
treasured,1
conserve,1
slaphead,1
ministries,1
marta,1
transits,1
1am,1
perplexed,1
yaor,1
nile,1
hipototam,1
nuggets,1
wp,1
mopey,1
droopy,1
sence,1
routines,1
grossness,1
humm,1
smalls,1
starved,1
watchable,1
laborious,1
9799,1
beachtown,1
gahs,1
screencaps,1
sealion,1
galloway,1
griii,1
associating,1
larrisa,1
boomeranged,1
immeasurably,1
desensitised,1
dreds,1
discorded,1
magnet,1
nesquick,1
saddened,1
meeeehhhh,1
w4,1
excessively,1
aberrant,1
aspirations,1
fustrated,1
tacklebox,1
gump’s,1
actuallly,1
gorrilaz,1
broski,1
doubles,1
foam,1
3pl8,1
ibuprofen,1
teething,1
ep7,1
ahuahuasca,1
vauxhall,1
gooed,1
oooooooh,1
squealed,1
wrestle,1
exporters,1
militants,1
huts,1
disconnected,1
tn,1
solos,1
unplayable,1
duos,1
vwp,1
ackbar,1
aspire,1
spins,1
scentsy,1
hormel,1
dj's,1
sbmm,1
glider,1
multiply,1
tenko's,1
bday,1
bamboo,1
dim,1
timid,1
harbour,1
denim,1
lathe,1
jumpscare,1
playbook,1
horribe,1
surnames,1
wishlist,1
comfortcases,1
manufacturers,1
tvs,1
gladdens,1
erroneous,1
mistreatment,1
archived,1
nyt,1
arlington,1
shaq,1
activism,1
intersects,1
whoopin,1
ghettoization,1
volunteered,1
thirsts,1
dryest,1
ticketing,1
amazinguk,1
saturn,1
particles,1
hudna,1
alludes,1
quranic,1
truces,1
flimsy,1
pretenses,1
rinds,1
degrassi,1
vengeful,1
specifying,1
chunkers,1
childbrain,1
checkin,1
desks,1
footpath,1
neil,1
altar,1
cryptofacists,1
wtsstadamit,1
mispronounces,1
grammatically,1
spill,1
embodies,1
unsigned,1
cervezas,1
interstellar,1
sculpted,1
mutton,1
spinnin,1
cooeee,1
liter,1
flattered,1
mitchy,1
matthews,1
charcuterie,1
kung,1
doco,1
mirena,1
daaaaannnnnggggg,1
86,1
thts,1
filipino,1
nanaimo's,1
7’1,1
unloaded,1
homeslice,1
neins,1
dbz,1
resurrection,1
freeza,1
broly,1
lowers,1
skillgap,1
supernova,1
umph,1
kepner,1
relabeling,1
stbxmil,1
besties,1
reeeeaaaaaally,1
ockanikin,1
cub,1
samsung's,1
terfs,1
affectionate,1
concerted,1
demoralization,1
squashed,1
sickened,1
protectionsim,1
huffy,1
senseless,1
labs,1
palling,1
fogerty,1
institutionalized,1
2029,1
burried,1
frees,1
relegation,1
hamilton,1
flushed,1
goyteamsix,1
bofo,1
wiser,1
zangief,1
spd,1
scowls,1
vomited,1
nix,1
deconstructed,1
unassembled,1
fuckballs,1
frye,1
devotion,1
skeptic,1
ohk,1
horrendously,1
cathartic,1
saskatchewan,1
caravan,1
composer,1
premisis,1
turnpike,1
i95,1
supplying,1
campers,1
mocap,1
ffffffhh,1
suspecting,1
loitering,1
emeralds,1
somalia,1
invigorated,1
unbanned,1
blemish,1
craftsmen,1
fairies,1
haz,1
112,1
highscore,1
trashing,1
testical,1
10mcg,1
cyanocobalamin,1
celulose,1
linebacker,1
pry,1
kayn,1
kaep,1
cheaply,1
crabbycrab,1
derek,1
hysterically,1
kernel,1
rattling,1
88mm,1
50hp,1
tak,1
safeco,1
kabobs,1
goner,1
welcher,1
inaction,1
rumours,1
gra,1
chassidus,1
canada’s,1
dissuade,1
diswayd,1
buyin,1
goalkeeper,1
yeezus,1
krist,1
introversion,1
zzzzzzz,1
shithousery,1
outda,1
da's,1
renders,1
sd's,1
coons,1
taboo,1
linemen,1
motorists,1
killmenow,1
加油,1
在中国你做什么,1
cisgendered,1
jimmy's,1
fs,1
bailout,1
advocacy,1
unionization,1
evoke,1
insurrection,1
whatsapp,1
idealists,1
babyboys,1
fiths,1
grifters,1
depreciate,1
inspected,1
syncs,1
diacetyl,1
sheridan,1
asperger's,1
fixates,1
frank's,1
luigi's,1
piola,1
afflicted,1
negoiate,1
processus,1
scientism,1
idiology,1
lolz,1
grtting,1
energetic,1
crystals,1
bathed,1
iberville,1
airstrikes,1
dub,1
urinary,1
pornshit,1
sgtsoyboy,1
qweefs,1
illegitimi,1
carborundum,1
hag,1
digger,1
ungodly,1
concoctions,1
tpm,1
repair,1
geocache,1
stair,1
germs,1
emao,1
fats,1
centered,1
chalenges,1
slamming,1
fify,1
hhhh,1
scent,1
decaying,1
sweatshirts,1
fhe,1
cushioning,1
pontiac,1
bonneville,1
brazillian,1
endurance,1
slexie,1
realisations,1
deflate,1
endgame's,1
stakes,1
darl,1
enticed,1
governors,1
milford,1
unluckiest,1
adlersbrunn,1
zooming,1
networks,1
v7,1
ecclesiastical,1
fr,1
sidhu,1
wala,1
torrents,1
midlaner,1
overshare,1
gayness,1
hidilly,1
neighbourino,1
tiananmen,1
astros,1
rarer,1
nectar,1
reliability,1
honda,1
fiona,1
otc,1
kobolds,1
sufficed,1
fleek,1
cevs,1
obes,1
freinds,1
jim,1
poignant,1
toenail,1
tooting,1
median,1
incomes,1
tripple,1
terrifies,1
digg,1
poached,1
elseworlds,1
cadence,1
inpaired,1
rhonj,1
peppered,1
moth,1
donteee,1
blowee,1
coveree,1
increment,1
ovens,1
unevenly,1
understate,1
wackos,1
neovagina,1
bearers,1
tagger,1
hemisphere,1
operater,1
barracks,1
pollen,1
activation,1
clonazolam,1
proliferation,1
909,1
judah,1
crippled,1
vacay,1
oncology,1
memeing,1
deflections,1
spooners,1
fatass,1
ashton,1
carmichael,1
mcdaniels,1
nfused,1
footballer's,1
anarchopulco,1
affordable,1
slw,1
intjs,1
wh,1
fanbois,1
dormatory,1
pagan,1
trustees,1
shia,1
dio,1
bioavailability,1
emulsifier,1
mandy,1
197k,1
secert,1
bubbles,1
labia,1
infant,1
gregarious,1
buildup,1
celeste,1
platformer,1
permadeath,1
cheeto,1
stall,1
loooooong,1
airhorn,1
simon's,1
merino,1
boggles,1
theorist,1
trumpland,1
masters,1
virtues,1
kotal,1
confidential,1
moccasins,1
2300,1
communes,1
commits,1
scrubbing,1
oooooow,1
considerable,1
jama211,1
scarry,1
badminton,1
placebos,1
multitudes,1
tram,1
cisphobic,1
busty,1
haiti,1
hermes,1
gba,1
assortment,1
categorize,1
2017's,1
launches,1
swirling,1
parachute,1
walled,1
2se,1
mercenary,1
desegregate,1
preserving,1
them's,1
fightin,1
lewd,1
emphysema,1
displaying,1
throatfucked,1
1954,1
ianal,1
ech,1
weasel,1
gusto,1
dr2,1
elimination,1
newsworthy,1
defamation,1
encountering,1
breakthrough,1
qwandor,1
weee,1
fullest,1
spry,1
feasms,1
martyring,1
losion,1
tot,1
trunks,1
metahuman,1
despondency,1
commentators,1
exaggerated,1
trashiest,1
autoimmune,1
dehydrated,1
exausted,1
amiodarone,1
defectives,1
agressive,1
proposals,1
clg,1
playdespacito,1
clipping,1
uq,1
lucia,1
gyroball,1
narrowed,1
spidery,1
fleetwood,1
skipping,1
cheesing,1
outlay,1
unnaturally,1
joseph,1
vincent,1
saquads,1
pouns,1
hushed,1
consumers,1
vendors,1
dkr,1
knit,1
complacent,1
realising,1
renegotiate,1
booooaaaaat,1
acknowledges,1
cannibalistic,1
humanoid,1
broooooo,1
earthbound,1
pll,1
conserving,1
authorized,1
cheereds,1
hotbed,1
notetaking,1
htown,1
kisser,1
smokescreen,1
fromm,1
panting,1
nsp,1
shafting,1
tellius,1
fray,1
seams,1
neeto,1
bee’s,1
pinball,1
undeliverable,1
perishables,1
infantilism,1
organizers,1
meddlesome,1
yhwh,1
abba,1
chappelle,1
sprite,1
chaser,1
wrestlemania,1
unequipped,1
chamionship,1
salinas,1
officers,1
pog,1
cheapskates,1
mismanaged,1
olympic,1
anthros,1
reeeeeeeeeeee,1
beaning,1
indentured,1
laborer,1
kino,1
allesandrostien,1
camouflage,1
noms,1
nominating,1
himmmmmmmmmmmmmm,1
teamates,1
caul,1
diamondbacks,1
inert,1
hauling,1
melodramatically,1
soppy,1
chord,1
progressions,1
asari,1
disagreements,1
fifo,1
slappers,1
crackpot,1
wellmeaning,1
hart,1
pas,1
ecology,1
aaaaaaaaaaaaaaand,1
concentrates,1
feudalist,1
pucker,1
submitter,1
screwball,1
semite,1
cammy,1
monumentally,1
mk,1
aaaaah,1
nerdier,1
jiggle,1
congratulation,1
bearded,1
dairies,1
strives,1
dementia,1
kilt,1
acl's,1
liquids,1
resurface,1
shaun,1
playerwise,1
viewpoints,1
marginalize,1
goblins,1
hoboing,1
mysteriously,1
dismissal,1
classist,1
deserted,1
jakurton,1
relation,1
30minutes,1
bittorrent,1
isps,1
directconnect,1
pedalled,1
hippie,1
tedious,1
idol,1
winner’s,1
flatter,1
entice,1
automata,1
unionize,1
txs,1
jean's,1
40c,1
aspen,1
fuckerized,1
forearm,1
cheesesaurus,1
lavvo,1
oak,1
horseback,1
bby,1
kck,1
hagelin,1
basejump,1
truckin,1
andalsothat,1
slipknot,1
bizkit,1
korn,1
rbi,1
bungles,1
procter,1
shoveled,1
enjoyably,1
campy,1
tingle,1
toffs,1
phobic,1
inbred,1
internalised,1
bernard,1
nkd,1
annnnnnd,1
pangolin,1
mammal,1
scales,1
puffs,1
nikon,1
d5100,1
300mm,1
lense,1
pantomime,1
borrowed,1
inquisitive,1
fakes,1
ahahahhahahahahahaha,1
tba,1
centralize,1
totalitarians,1
adorbs,1
henderson,1
autist,1
springfield,1
ilguns,1
destined,1
okbuddyretard,1
outline,1
216,1
salmon,1
lynx,1
chartreuse,1
xpost,1
undagrunnn,1
hellooo,1
galleria,1
boarded,1
riles,1
newsflash,1
sacrificial,1
lambs,1
draaaaaaged,1
dooooooown,1
byyy,1
stoooooone,1
dio's,1
expresses,1
cornbread,1
muffins,1
diy,1
crafts,1
stylish,1
mudhole,1
resorting,1
jolly,1
rancher,1
lively,1
voiceover,1
distances,1
vanderbilt,1
reappear,1
mildlyinfuriating,1
succession,1
barry,1
minnows,1
shortcuts,1
sou,1
heathen,1
x's,1
y's,1
magnificast,1
academic,1
lenninism,1
janitors,1
conclude,1
saquon,1
bw,1
webb,1
hurricanes,1
measurable,1
swapping,1
moss,1
wnw,1
halo,1
hallettsville,1
goon,1
boulogne,1
1940,1
squawking,1
macomb,1
redact,1
meps,1
depper,1
rows,1
overkill,1
voicepack,1
dimple,1
england’s,1
domesticate,1
fluff,1
sliced,1
tyranus,1
alignment,1
windbreakers,1
woooooooooo,1
tarnish,1
faaar,1
polynesian,1
upright,1
whens,1
exhaust,1
bestfriend,1
cherish,1
superbowls,1
fievel,1
westworld,1
hbr,1
oughtta,1
affirmative,1
commerce,1
mirroring,1
tugs,1
heartstrings,1
u2,1
worshipped,1
collapsible,1
eleventy,1
humiliate,1
breakups,1
molesters,1
duterte,1
absurdities,1
atrocities,1
recker,1
pinkie,1
sunday’s,1
homemaker,1
resulting,1
wcj,1
ukip,1
rovers,1
blushing,1
lowries,1
pho,1
bristol's,1
jackets,1
musty,1
darth,1
plagueis,1
kotor,1
undying,1
thirst,1
camela,1
subbreddit,1
advertisements,1
arabian,1
rosé,1
perjury,1
taj,1
structures,1
environments,1
applications,1
averaged,1
261,1
323,1
473,1
797,1
102,1
mori,1
nurse's,1
insues,1
beefing,1
detatched,1
downsizing,1
downsizes,1
ramifications,1
rigorous,1
uprising,1
vikendi,1
overdramatic,1
spicey,1
ppg,1
yarn,1
casters,1
mems,1
unfashionable,1
dove,1
daming,1
pasty,1
nastification,1
sb's,1
entrepreneur,1
get's,1
yasssss,1
loathed,1
hanukkah,1
quartet,1
something's,1
greenday,1
remorseless,1
walkers,1
immaterial,1
conditons,1
starter's,1
nem,1
smoky,1
soule,1
streamlabs,1
snip,1
traetors,1
shoehorned,1
brothter,1
mindlessly,1
ergodan,1
reaaaaaaaaaaally,1
ger,1
surrendered,1
167,1
ceo,1
tb12,1
creepily,1
wed,1
reproduced,1
romanced,1
errrrr,1
stacks,1
anarchists,1
coco,1
harnesses,1
makeshift,1
dracula,1
reporters,1
dejong,1
soundly,1
ospreys,1
agaaain,1
dogmatic,1
implantation,1
dtf,1
bojack,1
horseman,1
celsius,1
benoni,1
skywalkers,1
imbalance,1
incontrolable,1
tobaccy,1
antipsychotic,1
tomahawk,1
avers,1
literary,1
ux,1
categorically,1
earnin,1
burnin,1
snappin,1
necks,1
cashin,1
swaying,1
gracefully,1
vegreville,1
hellraiser,1
uploader,1
pullout,1
std,1
pinkwashing,1
repressive,1
coonowrin,1
congratulatioins,1
grouchy,1
redo,1
bruns,1
pizzagate,1
aiding,1
abetting,1
karens,1
lgbt,1
boycotting,1
fan's,1
playmaking,1
evade,1
deducting,1
coached,1
objectification,1
weez,1
meatheadvernacular,1
markings,1
shrimpy,1
wbc,1
unification,1
sects,1
crayfish,1
detector,1
darwinist,1
wifebeaters,1
malt,1
disbelieve,1
nic,1
structured,1
cybersex,1
ingests,1
marred,1
edgewalking,1
ziggy,1
soaking,1
pliers,1
4hrs,1
impermanence,1
implicit,1
subcultural,1
mobbish,1
risked,1
krabs,1
penus,1
analgesic,1
brainstorm,1
habitability,1
contemplating,1
tlm,1
soray,1
shr,1
sprays,1
sneakarchy,1
calmed,1
actor's,1
trinity's,1
spiel,1
intervened,1
passengers,1
underachieves,1
usmc,1
enlightenment,1
illogical,1
owopen,1
powice,1
kinsman,1
ásáheill,1
podesta,1
debbie,1
downer,1
brownlee,1
forehand,1
overloaded,1
aud,1
curtis,1
heres,1
emploie,1
emploiier,1
logs,1
generically,1
sussex,1
blackface,1
emotipns,1
emojis,1
likr,1
ajd,1
tint,1
preface,1
kylo,1
hahahahahahha,1
smuggler,1
balm,1
incredibles,1
gahhhd,1
taxi,1
forsaken,1
rudy,1
tottenham,1
chocotaco,1
299,1
mulberry,1
sturdy,1
rumour,1
heild,1
myslef,1
stocker,1
activates,1
pokerstars,1
michigan's,1
swag,1
adolescent,1
talkative,1
20mm,1
copped,1
barboza,1
daesh,1
anaheim,1
tryjng,1
buffering,1
roku,1
recoveries,1
consumes,1
premises,1
vls,1
government's,1
yesyeesyesyesnooooo,1
leek,1
fabric,1
kdvt,1
terrifiying,1
rota,1
sourced,1
inexpensive,1
warms,1
engulfed,1
fortuitous,1
peacekeeper,1
schiano,1
manics,1
phrasal,1
mismanage,1
mishandle,1
mishandling,1
undead,1
whiteouts,1
backhoe,1
serendipitous,1
roblox,1
skyzone,1
whats's,1
feeelings,1
unchanged,1
aaahahahha,1
viewings,1
lols,1
defendant,1
presumed,1
aborigine,1
exain,1
worcestershire,1
phases,1
aghh,1
dirtiness,1
availability,1
kroc,1
interactions,1
directing,1
bussy,1
sceen,1
uncomfy,1
bubby,1
fornicate,1
rabbits,1
whim,1
pokebugs,1
heinous,1
unlit,1
totem,1
enema,1
newfound,1
netflix's,1
exclusivity,1
faaaaarrrr,1
howd,1
sar,1
aerial,1
forwarded,1
waving,1
6’10,1
ooft,1
deathprofessor,1
idealogues,1
maniacs,1
congregate,1
ventriloquist,1
striking,1
prohibitive,1
kidz,1
aries,1
violates,1
commonwealth,1
doobie,1
buffett,1
dolt,1
gallon,1
whyy,1
savanna,1
leopard,1
soz,1
officiate,1
loaning,1
methy,1
juancho,1
essence,1
airpod,1
cherished,1
gw,1
fg,1
2100,1
pffft,1
monarchy,1
hov,1
armedforcesupdate,1
fcs,1
teases,1
who’ve,1
leaveeee,1
engraze,1
beetlejuice,1
triumphant,1
snagging,1
meee,1
fluctuates,1
idle,1
circumvent,1
ocular,1
raunchy,1
monica,1
tenfold,1
moly,1
xterra,1
pepperidge,1
frappuccino,1
chouteau,1
greenway,1
narrowing,1
width,1
eighty,1
ooooo,1
ˈsatʌɪə,1
imitating,1
unfixably,1
fgs,1
minigame,1
grrrrrrr,1
notable,1
degrom,1
17m,1
trav,1
dustpan,1
verizon,1
wakeup,1
hunni,1
addys,1
thrust,1
itch,1
io,1
gog,1
donor,1
benefactor,1
ducking,1
slutty,1
buzzer,1
crunching,1
vita,1
commiserate,1
wiping,1
especislly,1
savages,1
academical,1
dearest,1
isle,1
watchers,1
rn's,1
capslock,1
astoundingly,1
dur,1
peppermint,1
scarcity,1
prioritizing,1
mathematician,1
insensitivity,1
flatten,1
utilize,1
migrants,1
whaddaya,1
880,1
grudges,1
lmaoooooooooooooooooooo,1
tkl,1
numpad,1
shawty,1
tolerates,1
magazines,1
grasse,1
asymmetry,1
goop,1
haredi,1
reeeeeeeee,1
fgt,1
hatefully,1
footballs,1
gnostic,1
sickburns,1
selam,1
aleikum,1
arrahmatulla,1
baraktu,1
iman,1
inshalla,1
nn19,1
woodchipper,1
somers,1
bougie,1
mansfield,1
trashier,1
dealership,1
surname,1
careeningdirigibug,1
invitation,1
boundary,1
kor,1
allegation,1
subro,1
aspd,1
strangled,1
yeeeeee,1
truest,1
carte,1
blanche,1
puma,1
carriers,1
fourig,1
dayton,1
dusty,1
unsocialized,1
protip,1
imposter,1
giveaways,1
woww,1
paleho's,1
capstan,1
zach,1
euphemisms,1
iest,1
appliance,1
shamefully,1
chonkers,1
brow,1
profound,1
highways,1
recirculated,1
fiasco,1
dman,1
taco's,1
285,1
lobbies,1
backboard,1
scouring,1
1534,1
ft's,1
fx,1
devote,1
croatia,1
bravest,1
untethered,1
homosexuality,1
aloud,1
knowledgable,1
affirms,1
viewer,1
borderlands,1
wu,1
lin,1
jian,1
dilf,1
frigan,1
disparity,1
godsey,1
smushing,1
maliciously,1
copycat,1
thousandth,1
mildest,1
dancers,1
amsterdam,1
pounces,1
mikol,1
takedown's,1
hmmmmmmmm,1
vit,1
diaper,1
pragmatism,1
possessive,1
hahahahahahahahahahahahahahahahahahahahahahahahahahhahahahhahahaa,1
kief,1
expansive,1
dealerships,1
cpt,1
hal,1
sustaining,1
18th,1
coexistence,1
atypical,1
expressive,1
genealogy,1
gumbo,1
angelic,1
contortionist,1
hispanic,1
cita,1
perlas,1
cañas,1
transing,1
dangers,1
sauced,1
dill,1
shoplifters,1
nuisance,1
chiaroscuro,1
admired,1
axis,1
kimber,1
k6s,1
suspiciously,1
mongos,1
cooperstown,1
progressed,1
vulture,1
comprehending,1
slavers,1
forhonor,1
forhonormemes,1
gamestop,1
tinker,1
realms,1
gettysburg,1
lukewarm,1
parks,1
newt,1
gingrich,1
nationals,1
philosophers,1
poa,1
entitlements,1
reformed,1
totaling,1
accentuates,1
whaaaa,1
condescension,1
frigid,1
oligarchy,1
kobe,1
jatt,1
wooooo,1
representations,1
drama's,1
manly's,1
pathetically,1
asimov,1
gold's,1
nrcan,1
whitepapers,1
220,1
meadowvale,1
babybel,1
marketable,1
presentable,1
tupperware,1
dundee,1
volumes,1
mattifying,1
muzzle,1
woofer,1
snopes,1
beserker,1
wrinkly,1
hobo,1
fcc,1
flipflopping,1
oblivion's,1
morrowind's,1
ennemy,1
strep,1
umbilical,1
whine,1
twit,1
9b,1
kurdistan,1
abrupt,1
transitions,1
undefined,1
w8,1
lowering,1
nada,1
them’s,1
bypass,1
lazarus,1
vhs,1
snore,1
redditing,1
shedd,1
indiscriminately,1
gona,1
mamzer,1
adulterous,1
mou’s,1
epoch,1
attrition,1
racking,1
tact,1
cancering,1
sixstringersoldier,1
overthrow,1
briscoe,1
foetus,1
descusting,1
horseshoe,1
sdgksadgdklsg,1
buckhead,1
postmodernism,1
causation,1
relics,1
twinsies,1
sahm,1
midst,1
survivor's,1
spooked,1
homestead,1
crater,1
crystal,1
plaza,1
seagram,1
inhibition,1
lipsync,1
shantay,1
finishes,1
turbographix16,1
agm,1
15m,1
flocking,1
fireflies,1
synchronizing,1
faction,1
jacksonville,1
jaguars,1
guestomer,1
eighteenth,1
shucci,1
placard,1
30pm,1
eurasia,1
glorifying,1
puffy,1
unionizing,1
insides,1
bran,1
flakes,1
motivator,1
teased,1
cheapest,1
gatorade,1
zeppelin,1
blount,1
martin,1
luthur,1
huuuuuuuge,1
cr,1
mounted,1
retardism,1
liz,1
90k,1
skimmed,1
slr,1
douchebusters,1
yahoo,1
shadowbanning,1
foyer,1
misdiagnosing,1
blashphemous,1
impulsiveness,1
craziness,1
rollin,1
piz,1
zah,1
sixer's,1
swatted,1
tumours,1
volley,1
iike,1
centurion,1
goto,1
bullpen,1
carded,1
seafoam,1
16c,1
nudists,1
hardy,1
vertigo,1
disown,1
lalalalala,1
distrust,1
unaffected,1
blissful,1
saturation,1
shockeeeeeeeeeeeer,1
hopeless,1
termination,1
whistling,1
mears,1
kak,1
guyz,1
unsolved,1
ticketable,1
manpower,1
schmuck,1
innocence,1
c’s,1
geographic,1
hassling,1
suss,1
drake,1
groomed,1
dashboard,1
000th,1
alds,1
gtage,1
dramatically,1
zigzagzigal,1
suggeestions,1
attaboy,1
impacts,1
enfamil,1
suitor,1
crumbled,1
incompetency,1
buncha,1
ya'know,1
transboy,1
alienation,1
vac,1
antichrist,1
abduct,1
enviorment,1
ma’am,1
blinker,1
sexworker,1
pandemic,1
lethal,1
absorbs,1
pagers,1
emitter,1
cellphone,1
clinics,1
mukbangs,1
sentience,1
fetuses,1
philange,1
achieveable,1
filibustered,1
wr2,1
gop's,1
noctis,1
dq,1
dumplings,1
python,1
tangled,1
discomforting,1
u23's,1
reeeeeeing,1
yoooouuuuu,1
goodest,1
fetishize,1
lilo,1
cyberbully,1
governing,1
proverbs,1
rigging,1
halving,1
sodaman,1
america's,1
scooby,1
shagster,1
settles,1
tiles,1
fruition's,1
antidemoratic,1
corporatist,1
trollbot,1
compounding,1
permissible,1
saget,1
massacre,1
bari’s,1
insolvent,1
dep3end,1
kensei,1
uncharged,1
ramdom,1
hahhhaaaaaaa,1
modernity,1
bulgy,1
kyle,1
lvp's,1
somatotypes,1
buckeyes,1
gaatt,1
canteen,1
fuse,1
bicorn,1
frost,1
lke,1
ouchie,1
encryption,1
igolder,1
persian,1
squints,1
sandlot,1
fatshame,1
pebbles,1
carton,1
toothache,1
exorbitantly,1
instigated,1
twau2's,1
000k,1
ashtabula,1
lorain,1
forging,1
rantsfromretail,1
observer's,1
calendar,1
revelations,1
barça,1
inhuman,1
orang,1
utan,1
lim,1
spared,1
77096,1
genocides,1
f3,1
reworks,1
movesets,1
jp's,1
guis,1
plunder,1
romances,1
foreshadowing,1
sings,1
cio,1
startup,1
queues,1
ehhhhhh,1
hatter,1
ouat,1
firefox,1
extensions,1
400mb,1
gigabyte,1
paunch,1
soak,1
toxin,1
broseph,1
prominence,1
comebacks,1
649,1
abstained,1
preaches,1
adheres,1
uservoice,1
reductionism,1
feeble,1
mum’s,1
sunless,1
seas,1
tenured,1
pads,1
yeeaah,1
apartments,1
dassey,1
setups,1
bantam,1
breakouts,1
snakier,1
looping,1
governor'sr's,1
gammons,1
bozos,1
obstruction,1
808’s,1
unexpectedly,1
rapporteur,1
coq,1
snri,1
desvenlafexine,1
ssris,1
reciprocal,1
martini,1
indented,1
welt,1
administrators,1
inning,1
wal,1
orbit,1
intend,1
3mnths,1
pinhole,1
spinabifida,1
postpartum,1
dictatorial,1
extraction,1
lotsa,1
copypastas,1
demean,1
nagy,1
desis,1
maxes,1
turrets,1
tapping,1
impatiently,1
libellous,1
2000s,1
faithful,1
carpentry,1
fisticuffs,1
nos,1
canister,1
insurmountable,1
delucional,1
wwf,1
disposal,1
carny,1
bleeping,1
wannabee,1
ebrats,1
plunk,1
transhuman,1
stealable,1
coals,1
vaucluse,1
es,1
carne,1
burro,1
name's,1
suee,1
dbfz,1
cylon,1
orgy,1
sexytimes,1
conditioned,1
bastardized,1
midday,1
waits,1
conquest,1
substitutes,1
stadiums,1
waaaaaaallllll,1
rideshare,1
gibbed,1
extractor,1
relateable,1
query,1
constipated,1
battlefornt,1
shabby,1
skinnu,1
untill,1
cleay,1
nihilism,1
ravaged,1
sog,1
pampered,1
qmos,1
wealthier,1
olaplex,1
dunkin,1
wandering,1
detention,1
exiting,1
bouquet,1
spiraling,1
ferry,1
retract,1
antirivet,1
clyde,1
broadcasts,1
ids,1
hermaphrodites,1
leduc,1
backwoods,1
deluding,1
lifts,1
tumble,1
toktomi,1
cadians,1
lizardmen,1
slurps,1
binging,1
automation,1
idealist,1
iddal,1
pasted,1
500mg,1
redose,1
leaguers,1
esthestician,1
spelt,1
alhave,1
logos,1
psyched,1
inerrancy,1
yeeeaaaah,1
heeby,1
jeeby,1
inducing,1
aho,1
das,1
ppd,1
mommies,1
othr,1
wv,1
phlebotomist,1
philanthropist,1
dyslexic,1
coy,1
cairns,1
unprotected,1
narcs,1
theesomes,1
thare,1
병무청,1
540,1
hampshire,1
good2go,1
unclejokes,1
tailoring,1
aboleth,1
disadvantages,1
theatrical,1
exhilirating,1
pinnacle,1
fuuuck,1
canonically,1
eloquently,1
apparenlty,1
incriminating,1
paralegal,1
gaslighting,1
shizz,1
ecj,1
unilateral,1
revocation,1
bastet,1
qrt,1
mansplainer,1
precursor,1
1984,1
monokuma,1
blackened,1
eyepatch,1
veronicas,1
thi,1
glorius,1
dvoa,1
redontherail,1
raving,1
ehhhh,1
embargo,1
leathal,1
papercut,1
opponent's,1
shugos,1
oos,1
diddle,1
5v5,1
sinuses,1
mine’s,1
cymbalta,1
lamictal,1
ativan,1
thotaudit,1
boba,1
netrunner,1
meight,1
outstandingly,1
gleefully,1
apologists,1
baiters,1
unified,1
cleansed,1
shelfie,1
pike,1
confiscated,1
primitive,1
deflator,1
barly,1
vincentown,1
206,1
desserts,1
arousing,1
clickbaity,1
smfh,1
curiously,1
curds,1
confusedyehud,1
pst,1
dinnnner,1
cfn,1
cadre,1
whatnots,1
governed,1
taboos,1
cleanly,1
oot,1
negligence,1
manslaughter,1
multiclass,1
dragonstone,1
chastity,1
thirteen,1
ichigo,1
nero,1
exsplain,1
stripe,1
turnout,1
adulterers,1
loubs,1
ayyyyyyyyyy,1
dialed,1
hespect,1
exe,1
in2019,1
urinal,1
inquire,1
clockwise,1
vanderpump,1
laker,1
replayed,1
5933,1
friendo,1
throes,1
pve,1
mow,1
ughh,1
handball,1
computers,1
lagging,1
gloaming,1
hollow,1
catswithjobs,1
seedy,1
insincere,1
homealone,1
twitching,1
sitter,1
std's,1
irls,1
sonas,1
eap,1
spitfire,1
rampart,1
fanfics,1
mrsa,1
misgender,1
parting,1
routes,1
phobia,1
incase,1
ninjutsu,1
explanatory,1
illustration,1
apex,1
surly,1
ope,1
eleven,1
necessities,1
tans,1
5l,1
lcs,1
daaaamn,1
misrepresented,1
randall's,1
sfo,1
warden's,1
engines,1
ignition,1
skittles,1
honorless,1
cuckolds,1
wc,1
rivet,1
hadnt,1
gow,1
inegrated,1
seemlessly,1
cuzin,1
constrict,1
bossfight,1
dent,1
distracting,1
epileptic,1
leivo,1
iu,1
pucks,1
hyman,1
productivity,1
lunacy,1
pctc,1
noledge,1
docuseries,1
muy,1
gorda,1
chica,1
truechristian,1
truechristianity,1
dishearteningly,1
hackers,1
toasters,1
awards,1
rods,1
subluxation,1
chiropractor,1
umpire,1
ipod,1
mondawggg,1
uncorrupted,1
chastise,1
hardness,1
presumptiveness,1
reputable,1
fascination,1
secreatary,1
induced,1
hse,1
strenuous,1
gnoming,1
visioned,1
caspian’s,1
giga,1
finalized,1
mayfields,1
hahoo,1
grownup,1
veered,1
worryingly,1
daddddyyy,1
muuuuuch,1
mixxed,1
skewing,1
erroneously,1
ahhhhhhhhghghhh,1
radiohead,1
pints,1
pirela,1
armies,1
navies,1
stupidmancostume,1
everybody’s,1
macro,1
memo,1
itty,1
bitty,1
guitars,1
zumba,1
flabbergasted,1
communicates,1
drummer's,1
old's,1
territories,1
toggle,1
cluster,1
canf,1
patellar,1
hatful,1
forcefully,1
sexiest,1
reeeeee,1
kettles,1
dealings,1
rhi,1
downtime,1
femicide,1
ensue,1
negates,1
squanch,1
unisex,1
beets,1
pogram,1
targ,1
targs,1
compatriote,1
thoughy,1
hvv,1
reflects,1
tenth,1
multiples,1
mmk,1
environmentalist,1
lineups,1
lazily,1
salarians,1
lifespans,1
enmeshed,1
hypergamy,1
footing,1
rails,1
alienate,1
iggles,1
lesk,1
overpayment,1
dunning,1
kruger,1
estimating,1
mallone,1
repetitive,1
libertine,1
unrequited,1
uhhhhhhhh,1
printer's,1
nevsun,1
flaking,1
culpability,1
disarm,1
smugglers,1
stepbrother,1
shivering,1
crackhead,1
deaded,1
bts,1
exo,1
collabed,1
rapping,1
curiosity’s,1
bsv,1
usp,1
want's,1
maturity,1
auba,1
depreciated,1
cumslut,1
descendants,1
grimsby,1
ua,1
60m,1
demar,1
queueing,1
councilors,1
alphabetically,1
hare,1
pubescent,1
rte,1
idolize,1
uom,1
uneven,1
nothowlesbianswork,1
prowler,1
cucks,1
autobiography,1
whitetails,1
outt,1
texans,1
copping,1
babysitting,1
floated,1
recollection,1
kyber,1
ndas,1
follower,1
accusing,1
puny,1
lyric,1
merchant,1
erc20,1
ipcam,1
fellatio,1
breastfeed,1
recursion,1
chap,1
shuffles,1
championing,1
dundie,1
legetimacy,1
alternately,1
overvalued,1
shorted,1
wuts,1
soooooooooooooooooooooooooooooooooooooooooon,1
lollll,1
hhaaha,1
cardiac,1
thugs,1
oooops,1
1994,1
dhl,1
ohiooooooooo,1
mopeds,1
monarchist,1
otherly,1
worldy,1
hoodoo,1
sex's,1
ayr,1
talbot,1
12pm,1
quesadillas,1
vicarious,1
rumored,1
iss,1
gunslinger,1
scott's,1
totts,1
monetize,1
fiverr,1
vasectomies,1
aperol,1
spritz,1
affiliations,1
unstoppable,1
magnum,1
stirred,1
falafel,1
dearborn,1
aggrieved,1
steroid,1
consists,1
kidneys,1
beavis,1
hatchet's,1
inventory,1
gigacope,1
frp,1
jalen,1
actresses,1
frier,1
assassination,1
clutched,1
spm,1
concentrations,1
fuckload,1
biometric,1
microblading,1
iffy,1
wiggly,1
dissolves,1
696,1
soyboy,1
spastically,1
writhing,1
agonized,1
examole,1
lint,1
sofrus,1
mezuzos,1
megillah,1
tangie,1
jenko,1
confection,1
sufficiently,1
granite,1
claming,1
goofballs,1
helicopters,1
stossel,1
elizabeth,1
xtravision,1
cherrybomb,1
misfits,1
ghg,1
emissions,1
captions,1
accommodate,1
uberman,1
65d,1
hooks,1
conversing,1
robo,1
soythress,1
stape,1
furies,1
occupant,1
gilmour,1
sittler,1
salming,1
buc,1
ees,1
yogurt,1
killem,1
crisps,1
welched,1
experimenting,1
trintellix,1
vraylar,1
maternity,1
outer,1
wicker,1
pounding,1
minn,1
assess,1
swelled,1
kidnapper,1
diminished,1
chechnya,1
masks,1
spinster,1
4eva,1
lolt,1
hillbilly,1
preeetty,1
midwestern,1
weshubekauan,1
corolla,1
adaptive,1
beastmen,1
downgrade,1
recognised,1
generously,1
demanded,1
turquoise,1
brighter,1
gorguis,1
slimey,1
provoking,1
padding,1
1940s,1
clones,1
buch,1
sadism,1
lans,1
stanich’s,1
murciélago,1
sputnik,1
steamcmd,1
unconsitional,1
propably,1
normansgohome,1
rushers,1
unjustifiable,1
bulldogs,1
waiste,1
responder,1
trime,1
demented,1
sockpuppets,1
subscriptions,1
clickbate,1
moreover,1
2015ish,1
ballarat,1
grit,1
dickee,1
mightily,1
visable,1
alter,1
texter,1
lisp,1
onboard,1
acab,1
tetch,1
ˈtechē,1
adjective,1
tetchy,1
examined,1
lindt,1
sleepovers,1
01am,1
comox,1
bm,1
childcare,1
faggot,1
discribed,1
ooooooooh,1
islamophobic,1
zubac,1
whitlow's,1
penalized,1
barnsley,1
offensively,1
edamame,1
mat,1
gucci,1
bahhhhh,1
thing's,1
carapace,1
terial,1
ots,1
vegetarians,1
cholesterol,1
utopian,1
ornery,1
wewantplates,1
dongphuongdriver,1
365,1
buttwallace,1
tragedies,1
5e,1
figment,1
bugging,1
wasteoftime,1
tup,1
sitch,1
mags,1
nephews,1
1776,1
motm,1
hehehe,1
paternity,1
juicing,1
neccbeard,1
evolves,1
destinations,1
110km,1
filthiest,1
temps,1
sheikh,1
hazmat,1
whimp,1
mechwarrior,1
snooty,1
patheticallly,1
unalienable,1
eeeee,1
kate,1
spade,1
ecosystem,1
fema,1
did'nt,1
differentiating,1
normalization,1
aloha,1
probiotics,1
donnie,1
scoops,1
depressiong,1
devalue,1
roomie,1
kfann,1
disheveled,1
newscaster,1
nhs,1
dwp,1
halal,1
marshmallow,1
comply,1
codeine,1
pleases,1
contextualizes,1
richer,1
fracking,1
mancs,1
restricted,1
arbroath,1
nashors,1
lich,1
hourglass,1
seated,1
calf,1
hhh,1
factorio,1
modded,1
kiddy,1
fiddler,1
alexneverafter,1
narudo,1
b'day,1
750k,1
distribute,1
zeitgeist,1
ballplayer,1
discouraging,1
epilogue,1
dissapointing,1
sawing,1
picnic,1
alpaca,1
jesuschristreddit,1
carists,1
researchers,1
puckers,1
waaaaaaah,1
consistancy,1
igs,1
aarp,1
ravers,1
doughnuts,1
technologie,1
exsists,1
nurseries,1
troomtroom,1
thumbnails,1
5’10,1
barkley,1
remedy,1
brule,1
jasper,1
unselfishness,1
szn,1
settlers,1
gw2,1
gw1,1
muchas,1
defenceman,1
stomachable,1
raft,1
inflatables,1
hottest,1
penalised,1
transformers,1
filmgob's,1
dependet,1
sponsoring,1
drumpf,1
bravolebs,1
protagonists,1
jing,1
wei,1
annnnd,1
iceberg,1
midfielders,1
brilliantly,1
poppycock,1
harmlessly,1
enticing,1
cc’s,1
fortunate,1
lifesite,1
distilled,1
unders,1
attac,1
inconsequential,1
dealbreaker,1
wrinkled,1
geuss,1
clobber,1
hiyoko,1
constraints,1
uneventfully,1
immigrated,1
723,1
formerly,1
2pac,1
modding,1
elated,1
awfull,1
singles,1
mua,1
kraken,1
sails,1
symbolically,1
peering,1
champaign’s,1
tashy,1
thissss,1
fuckasses,1
uptight,1
cartoons,1
connecting,1
wallflower,1
writ,1
habeas,1
conflicting,1
sniffers,1
homegoing,1
pachinko,1
succulents,1
scrollin,1
handwritten,1
1992,1
rediculously,1
sds,1
cnbc,1
identifies,1
lenses,1
ganking,1
stilling,1
wholesomememes,1
travis,1
chimp,1
scams,1
moomen,1
lumps,1
inebriated,1
ratshit,1
innie,1
farfetched,1
aouar,1
clocked,1
shonan,1
descriptor,1
pout,1
superfund,1
topsoil,1
candor,1
w00t,1
speedwagon,1
biggie,1
reeeally,1
kilda's,1
iraq's,1
ssssssh,1
waddle,1
lawtistic,1
haggisus,1
australis,1
stork,1
rynair,1
concacaf,1
debated,1
outfront,1
peddling,1
pouting,1
reluctantly,1
avoidance,1
muhahahah,1
yeaaaaa,1
futon,1
housemate,1
sorghum,1
canaryproject,1
shorty,1
dia,1
briefly,1
brewers,1
areal,1
pormotions,1
acctually,1
tiddies,1
investigative,1
assembling,1
heroine,1
thnx,1
sush,1
carpenter,1
scrapped,1
longboat,1
scheming,1
mcdavid,1
draisatl,1
willian,1
concurrent,1
000s,1
lol'd,1
bigly,1
atempted,1
downdoots,1
barrels,1
sewage,1
eu's,1
treaty,1
uk's,1
may's,1
conman,1
shares,1
scorned,1
oponents,1
eggy,1
pitying,1
stutter,1
fidlar,1
jibe,1
damnnn,1
wendell,1
willed,1
catty,1
bearings,1
dunedin,1
commonplace,1
muscly,1
80fps,1
1080,1
nonbinary,1
manipulating,1
boobytrapping,1
cannibalize,1
ruffles,1
namely,1
lawdaddy,1
dadturion,1
belltower,1
tern,1
kobach,1
nooption,1
hubris,1
rehearse,1
improvising,1
hydration,1
hashimoto's,1
hazardous,1
mtg's,1
delts,1
padi,1
agility,1
fin,1
cm,1
coercion,1
keyword,1
stuffing,1
1981,1
1983,1
homepod,1
therapeutic,1
foreshadowed,1
pizzeria,1
assigning,1
stopper,1
moped,1
mph,1
breastfeeding,1
compounded,1
cwisis,1
stormy,1
teamviewer,1
dept,1
winchester,1
b95,1
agitprop,1
pivoting,1
awakes,1
bizarro,1
volition,1
byesexual,1
bedfellows,1
rbf,1
moid,1
fawned,1
bamas,1
regress,1
agggggggggghhhhhhhhhhhhhhhhhhhhhhh,1
nestle,1
ttd,1
foray,1
stos,1
c9,1
manchildren,1
ign,1
14930,1
companys,1
employies,1
precarious,1
disastrous,1
sociology,1
kleber,1
pearls,1
karen,1
jannah,1
umma,1
attributing,1
etiz,1
flualp,1
tabbaco,1
symfuhny,1
bicker,1
annulled,1
petitioner,1
confessedly,1
servant,1
extinguished,1
iww,1
whispering,1
facilitating,1
streamlining,1
philanthropy,1
nieces,1
mineable,1
umeshism,1
intellectuals,1
relocate,1
compost,1
particulate,1
gentrification,1
stp,1
pussycat,1
seventh,1
n's,1
nuttier,1
flattened,1
oaf,1
monzo,1
name’s,1
caterer,1
uninstall,1
1978,1
bugatti,1
tammy,1
buyback,1
taylor,1
taylor's,1
deload,1
uscg,1
misandry,1
milton,1
undefeated,1
etfsec,1
dev's,1
beckton,1
proceeding,1
methodical,1
unwarranted,1
fatten,1
spaghettio,1
isuka,1
lengths,1
stockpiling,1
convienently,1
adapter,1
headphone,1
aux,1
interpersonal,1
methed,1
tyrael,1
ladles,1
scenery,1
scalie,1
gmilf,1
puttin,1
rareinsults,1
fussing,1
brianne,1
kinkaid,1
avacodos,1
nitara,1
511,1
parm,1
kosher,1
procrastinates,1
clop,1
esl,1
invites,1
vanish,1
eureka,1
noisygifs,1
bathwater,1
driscoll,1
discoroll,1
freeish,1
mumps,1
wanes,1
portals,1
footballers,1
moods,1
showered,1
shaman,1
brightest,1
tart,1
custard,1
photogenic,1
framer,1
sheriff,1
fessing,1
cert,1
certs,1
jobseeker,1
deferral,1
electronically,1
winz,1
fuckety,1
rsvp,1
deader,1
lebanese,1
insisnt,1
tartans,1
jvg,1
brawlhalla,1
seminary,1
byu,1
west's,1
regimes,1
there’d,1
trigglypuff,1
remaster,1
dlcs,1
magnets,1
accelerating,1
emote,1
fattening,1
stridulating,1
motherloving,1
evacuate,1
dynamics,1
comparability,1
systemic,1
31yr,1
60mil,1
kitkats,1
clincher,1
saucepan,1
daring,1
burgess,1
worthing,1
mou,1
unstable,1
25k,1
tomorow,1
burglars,1
depressants,1
laycount,1
iamthesmoothoperator,1
belzebub,1
immunosuppressed,1
penticton,1
640,1
papermill,1
diverts,1
playerbase,1
sellout,1
braved,1
intolerable,1
inapropriate,1
butchering,1
ableism,1
psychiatry,1
jose,1
academia,1
cooinbase,1
mastercard,1
gab,1
lullaby,1
pronouncedbooty,1
anout,1
substances,1
knowledgeable,1
stampy,1
sniffling,1
buffoon,1
teleprompter,1
fluoride,1
love's,1
flows,1
presuppose,1
medecine,1
xbone,1
5s,1
sib,1
eliminating,1
cumbersome,1
ligt,1
hydro,1
facepalm,1
bowed,1
manchild,1
h2k,1
koan,1
wiggins,1
buffalo,1
cartons,1
assignment,1
inconvenienced,1
intimidation,1
flips,1
playgirl,1
boners,1
marinara,1
decarboxylated,1
idiocracy,1
coffeewhore17,1
palo,1
alto,1
rethuglican,1
afro,1
samurai,1
foots,1
stamped,1
bony,1
prophesy,1
galleon's,1
ω,1
wonderd,1
phaneuf,1
dew,1
massif,1
hoovering,1
2028,1
heeaaaaad,1
exemplified,1
underpaying,1
unambiguously,1
subordinates,1
energizer,1
ekia,1
tankathon,1
interviewer,1
meade,1
highlands,1
crossdressers,1
baler,1
allen,1
paganophile,1
ablation,1
lasik,1
glimmer,1
adcs,1
absurdity,1
jaeger,1
nosed,1
brat,1
croissant,1
crumbs,1
snobby,1
deepity,1
wronger,1
completley,1
cerebral,1
palsy,1
paralympics,1
aweso,1
bulks,1
geysers,1
uncontested,1
tlaib,1
fetishes,1
who’da,1
thunk,1
magnitudes,1
coasts,1
creases,1
alp,1
distain,1
corporal,1
1700s,1
chillin,1
beltran,1
sip,1
hgc,1
severance,1
executives,1
goa,1
coolered,1
bitesize,1
tesco,1
couple’s,1
lollol,1
indecency,1
twists,1
neurosurgeon,1
entomologist,1
radiologist,1
anesthetist,1
leagueoflegends,1
lancing,1
alrdy,1
perp,1
shitpostbot,1
shd,1
stu,1
pageau,1
whiteoids,1
papaoutai,1
skul,1
slav,1
frying,1
22tcm,1
armscor,1
bruiser,1
sylvanus,1
submarine,1
cjjjjjjjj,1
recosnider,1
kda,1
intersepts,1
fringes,1
ssi,1
lte,1
klick,1
gst,1
tributes,1
productions,1
transpired,1
worrier,1
requesting,1
berkeley,1
cummunist,1
internationalist,1
brimming,1
unfaithful,1
pacifism,1
nighttime,1
commendable,1
unrestricted,1
tbs,1
liftoff,1
recomend,1
jasikevicius,1
litva,1
transcended,1
ragecomic,1
sharpen,1
radford,1
vilify,1
hqgs,1
unparalleled,1
physicians,1
laughably,1
anticipation,1
ouh,1
shittt,1
15yo,1
meaty,1
oki,1
posibilities,1
spices,1
urgot,1
lck,1
declutter,1
hymen,1
dethrone,1
boxed,1
cockiness,1
flippancy,1
chloroform,1
territiry,1
survivied,1
lowry,1
shootaround,1
sheriff's,1
runoff,1
depressive,1
rediting,1
portioning,1
levitate,1
wahroonga,1
rumblings,1
bourgeoning,1
mammoth,1
oncologist,1
chewiness,1
fuller,1
whish,1
cincinnati,1
grandpaernts,1
buttcoiner,1
ponging,1
impeach,1
fouty,1
plutocrats,1
wealthcare,1
affording,1
ilb,1
magnesium,1
methinks,1
shard,1
fbis,1
whispered,1
scriptedasiangifs,1
preserved,1
alibaba,1
sosial,1
antennas,1
timers,1
households,1
ideally,1
introspection,1
picasso,1
master’s,1
refunds,1
xenophobic,1
breasted,1
examining,1
sensibility,1
reflexes,1
omggg,1
deemed,1
fingerprint,1
mendoza,1
trager,1
consist,1
breakdance,1
capoeira,1
trapping,1
weslayan,1
tts,1
acquainted,1
sous,1
vide,1
synonym,1
controversal,1
gtav,1
replayability,1
preconceived,1
doggam,1
blushed,1
militaristic,1
convington,1
conan,1
criticizes,1
extremes,1
outshot,1
scoreless,1
uneasy,1
50k,1
ahahha,1
identifiable,1
posit,1
generalised,1
cushy,1
typo'd,1
impersonification,1
mmmmmmm,1
smackspr,1
remnant,1
neu,1
centred,1
gsc,1
breathes,1
sterilised,1
fck,1
redditsmuseumoffilth,1
wam,1
serbian,1
tamburitzans,1
sigil,1
derivative,1
scrapheap,1
sneered,1
lexical,1
idiom,1
kirkland,1
dino,1
graders,1
evenings,1
flummery,1
guilty'ing,1
sda,1
legitimise,1
cbc,1
misleads,1
relove,1
patrolling,1
vvv,1
handshake,1
famine,1
tarts,1
chantex,1
sufferers,1
approves,1
huskies,1
